,Tryptophan (Trp)-pos Results,Tryptophan (Trp)-pos Results,Tryptophan (Trp)-pos Results,Tryptophan (Trp)-pos Results,Phenylalanine (Phe)-pos Results,Phenylalanine (Phe)-pos Results,Phenylalanine (Phe)-pos Results,Phenylalanine (Phe)-pos Results,Tyrosine (Tyr)-pos Results,Tyrosine (Tyr)-pos Results,Tyrosine (Tyr)-pos Results,Tyrosine (Tyr)-pos Results,Methionine (Met)-pos Results,Methionine (Met)-pos Results,Methionine (Met)-pos Results,Methionine (Met)-pos Results,Asparagine (Asn)-pos Results,Asparagine (Asn)-pos Results,Asparagine (Asn)-pos Results,Asparagine (Asn)-pos Results,Hydroxyproline (Hyp)-pos Results,Hydroxyproline (Hyp)-pos Results,Hydroxyproline (Hyp)-pos Results,Hydroxyproline (Hyp)-pos Results,Isoleucine (Ile)-pos Results,Isoleucine (Ile)-pos Results,Isoleucine (Ile)-pos Results,Isoleucine (Ile)-pos Results,Leucine (Leu)-pos Results,Leucine (Leu)-pos Results,Leucine (Leu)-pos Results,Leucine (Leu)-pos Results,Valine (Val)-pos Results,Valine (Val)-pos Results,Valine (Val)-pos Results,Valine (Val)-pos Results,Proline (Pro)-pos Results,Proline (Pro)-pos Results,Proline (Pro)-pos Results,Proline (Pro)-pos Results,Threonine (Thr)-pos Results,Threonine (Thr)-pos Results,Threonine (Thr)-pos Results,Threonine (Thr)-pos Results,Alanine (Ala)-pos Results,Alanine (Ala)-pos Results,Alanine (Ala)-pos Results,Alanine (Ala)-pos Results,Glutamate (Glu)-pos Results,Glutamate (Glu)-pos Results,Glutamate (Glu)-pos Results,Glutamate (Glu)-pos Results,Serine (Ser)-pos Results,Serine (Ser)-pos Results,Serine (Ser)-pos Results,Serine (Ser)-pos Results,Glycine (Gly)-pos Results,Glycine (Gly)-pos Results,Glycine (Gly)-pos Results,Glycine (Gly)-pos Results,Aspartate (Asp)-pos Results,Aspartate (Asp)-pos Results,Aspartate (Asp)-pos Results,Aspartate (Asp)-pos Results,Cysteine (Cys)-pos Results,Cysteine (Cys)-pos Results,Cysteine (Cys)-pos Results,Cysteine (Cys)-pos Results,Citrulline - pos Results,Citrulline - pos Results,Citrulline - pos Results,Citrulline - pos Results,Taurine - pos Results,Taurine - pos Results,Taurine - pos Results,Taurine - pos Results,Cystine (Cys-Cys)-pos Results,Cystine (Cys-Cys)-pos Results,Cystine (Cys-Cys)-pos Results,Cystine (Cys-Cys)-pos Results,Histidine (His)-pos Results,Histidine (His)-pos Results,Histidine (His)-pos Results,Histidine (His)-pos Results,Glutamine (Gln)-pos Results,Glutamine (Gln)-pos Results,Glutamine (Gln)-pos Results,Glutamine (Gln)-pos Results,Lysine (Lys)-pos Results,Lysine (Lys)-pos Results,Lysine (Lys)-pos Results,Lysine (Lys)-pos Results,Ornithine (Orn)-pos Results,Ornithine (Orn)-pos Results,Ornithine (Orn)-pos Results,Ornithine (Orn)-pos Results,Arginine (Arg)-pos Results,Arginine (Arg)-pos Results,Arginine (Arg)-pos Results,Arginine (Arg)-pos Results
Name,RT,Final Conc.,Accuracy,Area,RT,Final Conc.,Accuracy,Area,RT,Final Conc.,Accuracy,Area,RT,Final Conc.,Accuracy,Area,RT,Final Conc.,Accuracy,Area,RT,Final Conc.,Accuracy,Area,RT,Final Conc.,Accuracy,Area,RT,Final Conc.,Accuracy,Area,RT,Final Conc.,Accuracy,Area,RT,Final Conc.,Accuracy,Area,RT,Final Conc.,Accuracy,Area,RT,Final Conc.,Accuracy,Area,RT,Final Conc.,Accuracy,Area,RT,Final Conc.,Accuracy,Area,RT,Final Conc.,Accuracy,Area,RT,Final Conc.,Accuracy,Area,RT,Final Conc.,Accuracy,Area,RT,Final Conc.,Accuracy,Area,RT,Final Conc.,Accuracy,Area,RT,Final Conc.,Accuracy,Area,RT,Final Conc.,Accuracy,Area,RT,Final Conc.,Accuracy,Area,RT,Final Conc.,Accuracy,Area,RT,Final Conc.,Accuracy,Area,RT,Final Conc.,Accuracy,Area
blank,5.323,0.4153,,718,6.07,0,,3403,6.306,0.0315,,2601,7.291,0.079,,22,7.517,0.1503,,138,7.519,0,,1940,7.533,0,,2031,7.502,0.0769,,1842,10.024,0,,933,14.792,0.1142,,1037,14.934,0,,105,15.126,0,,36,15.196,2.2703,,2639,15.363,0.1739,,118,15.634,0,,28,15.483,0.5329,,142,15.931,0,,227,15.89,0,,5650903,15.851,0,,16274,16.094,0,,2651,16.715,0.1745,,2433,17.035,0,,4300,17.034,0.0763,,4596,17.115,0.2095,,2321,17.411,0.3525,,24989
blank,5.18,0.4118,,257,6.102,0,,4147,6.353,0.0238,,1848,7.339,0.0801,,66,7.026,0.1569,,183,7.535,0,,1847,7.549,0,,1266,7.533,0.0572,,1361,10.055,0,,778,14.792,0.1119,,955,14.949,0,,74,15.823,0.8229,,591,15.212,1.2946,,1755,15.379,0.1588,,100,15.444,0,,26,15.483,0.4524,,89,15.868,61.7256,,334,15.858,0,,5389888,15.851,0,,15036,16.094,0,,1402,16.763,0.1055,,944,17.035,0,,3736,17.034,0.0474,,3898,17.099,0.2311,,2519,17.427,0.2619,,16500
blank,5.291,0.4109,,142,6.102,0,,2874,6.337,0.0152,,1007,7.497,0.0803,,74,7.374,0.1361,,41,7.519,0,,917,7.026,0,,1505,7.549,0.0316,,734,9.232,0,,47,14.174,0.0896,,136,14.934,0,,22,15.649,0,,101,15.196,1.2571,,1721,14.983,0.0997,,28,15.491,0,,15,15.483,0.5391,,147,15.836,0,,167,15.89,0,,5525090,15.851,12.7046,,20089,16.094,0,,875,16.747,0.1007,,839,17.035,0,,3375,17.05,0,,2555,17.131,0.1181,,1487,17.427,0.2252,,13055
pool1,5.276,0.5092,,12994,6.102,4.4339,,958006,6.337,0.1747,,16636,7.529,0.1648,,3483,7.533,0.6125,,3287,7.519,1.5017,,62725,7.533,1.5828,,61997,7.517,2.4235,,59262,10.008,16.7968,,231371,14.792,0.4267,,12482,15.06,62.5779,,15792,15.11,263.159,,121519,15.212,2222.055,,2014067,15.363,19.4098,,23661,15.428,5.1099,,214,15.499,13.8132,,8893,15.804,0,,131,15.953,0,,7048415,15.899,8.8448,,19666,16.078,28.024,,425823,16.731,0.1908,,2785,17.035,2.6928,,79486,17.034,3.214,,80375,17.099,0.159,,1861,17.411,0.7503,,62295
pool2,5.307,0.5125,,13428,6.07,3.4833,,759997,6.322,0.1358,,12822,7.481,0.142,,2562,7.501,0.6718,,3691,7.487,1.5437,,64365,7.502,1.5756,,61767,7.502,2.2338,,54618,9.992,15.916,,219442,14.761,0.4491,,13303,15.044,62.0267,,15654,15.11,246.5142,,113847,15.212,2195.6842,,1990172,15.363,17.9274,,21846,15.428,5.0255,,211,15.483,13.2515,,8523,15.82,0,,239,15.937,0,,7177750,15.835,0,,8260,16.078,25.4188,,387591,16.731,0.1484,,1870,17.035,2.3758,,71687,17.034,3.0263,,75843,17.084,0.1608,,1876,17.411,0.7493,,62196
pool3,5.26,0.4768,,8756,6.038,2.3425,,522377,6.274,0.1039,,9695,7.45,0.1216,,1740,7.485,0.6041,,3230,7.455,1.2056,,51152,7.486,1.2182,,50298,7.454,1.8399,,44980,9.96,12.7764,,176924,14.761,0.4215,,12292,14.949,15.4035,,4027,15.11,214.2246,,98962,15.196,1971.1746,,1786735,15.363,10.8053,,13130,15.428,3.0394,,139,15.483,9.7239,,6199,15.899,0,,29,15.906,0,,7455191,15.645,0,,14984,16.078,21.1747,,325308,16.731,0.1759,,2464,17.035,1.8567,,58914,17.034,2.5836,,65150,17.099,0.1313,,1607,17.411,0.6452,,52436
reg4,5.371,0.4562,,6063,6.023,2.0722,,466065,6.258,0.0924,,8571,7.434,0.1376,,2384,7.453,0.714,,3978,7.455,1.4704,,61500,7.454,1.5205,,59998,6.916,1.8634,,45556,9.913,19.4562,,267386,14.745,0.7213,,23270,14.981,59.4419,,15010,15.095,139.7731,,64643,15.196,2699.3745,,2446584,15.347,18.2695,,22265,15.428,1.9624,,100,15.483,20.5909,,13359,15.836,0,,145,15.953,0,,7242443,15.867,0,,3296,16.094,0,,739,16.731,0.1785,,2521,17.035,1.4879,,49839,17.034,1.68,,43328,17.099,0.2172,,2392,17.411,0.7419,,61501
cys4,5.212,0.5687,,20780,5.991,1.5748,,362471,6.211,0.2733,,26303,7.402,0.3481,,10872,7.485,1.0335,,6156,7.503,1.5601,,65006,7.391,0.5934,,30255,6.868,2.7401,,67007,9.881,11.2194,,155839,14.713,0.6786,,21709,15.029,108.4394,,27229,15.095,352.8583,,162868,15.164,3266.105,,2960119,15.363,19.7202,,24040,15.428,10.6169,,414,15.451,7.0185,,4416,15.836,0,,209,15.985,0,,5411205,15.851,15.1658,,20359,16.078,160.4164,,2368708,16.731,0.1267,,1400,17.035,2.9855,,86687,17.018,3.4001,,84870,17.084,0.1395,,1682,17.411,0.8491,,71552
sulf4,5.212,0.4591,,6448,6.07,0.0787,,50817,6.337,0.0973,,9051,7.307,0.0795,,43,7.01,0.198,,463,7.535,0.6119,,27952,7.517,0.4342,,25148,6.995,0.2937,,7149,9.929,2.5631,,38610,14.729,0.357,,9930,15.092,24.5767,,6315,15.11,26.4271,,12394,15.18,2987.6289,,2707782,15.363,2.3635,,2798,15.428,0.4221,,44,15.467,3.102,,1835,15.773,0,,114,16.017,0,,6758040,15.804,301.0857,,51732,16.078,0,,1785,15.844,0.3575,,6385,17.035,0.0932,,15524,17.034,0.4832,,14423,17.115,0.1037,,1355,17.427,0.4433,,33509
reg12,5.418,0.536,,16511,6.086,9.3108,,1973883,6.306,0.2909,,28029,7.465,0.1386,,2427,7.453,0.7988,,4557,7.471,1.8407,,75972,7.47,2.184,,81284,7.47,3.1632,,77360,9.929,17.2155,,237041,14.618,0.9291,,30883,14.918,113.5838,,28512,15.095,467.3465,,215643,15.18,1681.0582,,1523850,15.347,22.216,,27095,15.412,4.3192,,185,15.467,22.7524,,14784,15.852,61.7123,,334,15.858,0,,6941774,15.867,0,,11226,16.078,0,,2512,16.731,0.2501,,4066,17.035,1.1474,,41463,17.034,1.4435,,37616,17.099,0.4742,,4740,17.411,1.7959,,160322
blank,5.355,0.4211,,1476,6.007,0,,9342,6.227,0.037,,3139,7.37,0.0895,,444,7.422,0.1711,,279,7.424,0.0014,,4091,7.407,0,,4304,7.438,0.1465,,3545,9.897,0,,1709,14.697,0.2135,,4674,14.918,0,,118,15.063,0.1871,,298,15.164,6.7726,,6719,15.347,0.2934,,265,15.444,0.0044,,29,15.467,0.9793,,437,15.852,185.6727,,515,15.842,120.1325,,1871716,15.835,0,,18518,16.078,0,,1287,16.731,0.1239,,1340,17.035,0,,7045,17.034,0.1605,,6629,17.099,0.1715,,1975,17.411,0.5347,,42079
cys12,5.244,0.4551,,5916,5.991,0.7842,,197779,6.211,0.0879,,8132,7.45,0.1943,,4670,7.438,0.3505,,1502,7.439,0.3946,,19460,7.454,0.2249,,18432,6.9,1.904,,46551,9.881,9.8565,,137381,14.697,0.3876,,11049,14.918,8.838,,2390,15.095,552.7411,,255007,15.18,1831.8807,,1660516,15.347,8.3503,,10125,15.412,5.9538,,244,15.467,4.2517,,2593,15.741,0,,60,15.906,0,,7447555,15.851,0,,7035,16.094,27.7775,,422206,16.731,0.1494,,1892,17.035,4.2716,,118331,17.034,4.3129,,106914,17.099,0.2105,,2331,17.411,0.6629,,54092
sulf12,5.291,0.4612,,6713,6.07,1.0468,,252484,6.337,0.0985,,9171,7.513,0.1738,,3844,7.501,0.4294,,2040,7.503,0.7156,,32002,7.517,0.5211,,27935,6.979,1.0765,,26302,9.945,15.8216,,218164,14.776,0.4146,,12040,14.949,11.2252,,2985,15.11,62.3429,,28950,15.212,1927.0321,,1746736,15.363,21.5042,,26224,15.428,0.433,,44,15.499,5.6733,,3530,15.836,0,,237,15.89,41.8261,,3984943,15.788,228.6948,,43789,16.094,0,,911,16.731,0.1589,,2096,17.035,1.7072,,55237,17.034,1.9371,,49536,17.099,0.1682,,1944,17.411,0.7622,,63407
reg5,5.513,0.6877,,36349,6.038,6.6104,,1411388,6.274,0.2959,,28523,7.402,0.2064,,5158,7.438,1.5817,,9890,7.455,3.8097,,152921,7.438,4.2888,,148809,6.9,4.3066,,105337,9.881,142.1537,,1929036,14.523,2.196,,77280,14.918,392.7604,,98133,15.063,347.2589,,160287,15.149,4555.0961,,4128121,15.332,58.4724,,71468,15.396,6.1303,,251,15.436,32.2784,,21061,15.725,0,,62,15.953,28.7294,,4338379,15.851,112.4387,,31033,16.078,0,,409,16.731,0.3899,,7086,17.035,3.2562,,93348,17.034,3.4851,,86922,17.099,0.6262,,6130,17.411,1.1942,,103907
cys5,5.212,0.6224,,27806,5.991,1.29,,303140,6.211,0.2003,,19153,7.418,0.3411,,10592,7.406,0.8217,,4712,7.408,1.0938,,46784,7.391,1.0907,,46209,6.868,2.1965,,53705,9.881,11.1035,,154269,14.713,0.5975,,18737,15.06,91.2696,,22947,15.095,315.8527,,145809,15.164,2699.5517,,2446745,15.347,21.5955,,26336,15.428,7.512,,301,15.531,9.8414,,6276,16.169,0,,68,15.985,0,,6657622,15.835,6.5509,,19414,16.078,147.3229,,2176558,16.731,0.0815,,426,17.035,2.9807,,86571,17.034,4.3581,,108006,17.099,0.2541,,2730,17.427,0.8231,,69116
sulf5,5.228,0.4525,,5575,6.007,0.7209,,184602,6.242,0.0546,,4868,7.244,0.0797,,51,7.453,0.3599,,1566,7.439,0.527,,24633,7.438,0.3976,,23973,6.916,0.2954,,7188,9.913,3.1125,,46049,14.729,0.3669,,10291,14.934,7.6061,,2083,15.095,14.7771,,7024,15.196,2036.1596,,1845621,15.347,2.7016,,3212,15.396,0.2474,,37,15.483,2.6335,,1527,15.678,0,,75,15.921,0,,7646719,15.851,0,,15301,16.078,0,,1429,16.731,0.1534,,1978,17.035,0.5437,,26610,17.034,0.9426,,25519,17.099,0.1911,,2154,17.411,0.3985,,29305
blank,5.244,0.411,,149,6.054,0,,2909,6.1,0.0078,,282,7.465,0.08,,63,7.248,0.1336,,24,7.503,0,,1068,7.502,0,,1119,7.232,0.0046,,74,10.008,0,,507,14.729,0.1139,,1028,15.504,0,,28,15.11,0.0049,,214,15.196,2.1256,,2508,15.347,0.2367,,195,15.665,0,,22,15.483,0.6393,,213,15.725,0,,120,15.89,0,,5519957,15.915,0,,13652,16.094,0,,595,16.747,0.0969,,758,17.035,0,,3425,17.05,0.0119,,3041,17.131,0.1725,,1983,17.443,0.2366,,14127
reg13,5.418,0.4419,,4188,6.054,6.5763,,1404269,6.306,0.1088,,10182,7.481,0.0967,,734,7.469,0.631,,3413,7.471,1.3585,,57127,7.47,1.3511,,54562,6.947,0.826,,20172,9.929,11.7133,,162526,14.729,0.3806,,10794,14.902,71.9996,,18141,15.079,371.3226,,171379,15.18,1466.8131,,1329715,15.347,21.901,,26710,15.412,2.8187,,131,15.467,14.7318,,9499,15.915,0,,194,15.937,0,,7499165,15.851,0,,7520,16.094,0,,418,16.747,0.1721,,2382,17.035,0.5295,,26261,17.034,1.0349,,27747,17.099,0.1631,,1898,17.427,0.6846,,56130
cys13,5.244,0.6061,,25681,5.975,2.1193,,475883,6.195,0.2152,,20612,7.37,0.1512,,2935,7.485,0.5201,,2658,7.376,0.1728,,10792,7.359,0.0317,,12235,6.868,2.728,,66711,9.818,19.1617,,263398,14.681,0.7753,,25250,15.044,104.7307,,26304,15.079,654.7616,,302035,15.196,2585.3767,,2343286,15.347,24.5745,,29982,15.412,9.758,,382,15.483,10.1011,,6447,15.82,0,,132,15.953,28.8987,,4333811,15.835,283.276,,49778,16.078,58.3789,,871287,16.731,0.175,,2444,17.035,7.2945,,192709,17.034,7.1598,,175670,17.084,0.247,,2665,17.411,0.8827,,74703
sulf13,5.228,0.4748,,8502,6.038,0.5912,,157572,6.274,0.1296,,12222,7.481,0.1669,,3569,7.469,0.5795,,3062,7.439,1.0436,,44820,7.454,1.1119,,46889,6.916,1.0633,,25979,9.881,12.7318,,176321,14.713,0.5603,,17375,15.06,54.1544,,13691,15.095,79.6926,,36947,15.164,2346.0782,,2126449,15.347,24.0091,,29290,15.428,3.8857,,169,15.515,7.9477,,5028,15.804,0,,44,15.953,0,,5786328,15.93,335.2237,,55478,16.078,0,,828,16.731,0.1258,,1382,17.019,1.4154,,48056,17.034,1.6509,,42625,17.115,0.2948,,3101,17.411,0.7068,,58208
reg6,5.276,0.4708,,7981,6.023,1.824,,414363,6.242,0.0921,,8541,7.45,0.138,,2401,7.438,0.6474,,3524,7.439,1.4678,,61398,7.438,1.394,,55940,6.9,1.6246,,39713,9.897,18.1821,,250132,14.697,0.7342,,23742,14.997,54.3243,,13733,15.095,131.3188,,60745,15.196,2764.9057,,2505964,15.347,22.0065,,26839,15.412,1.9215,,98,15.483,14.9764,,9660,15.836,0,,36,15.937,0,,7678076,15.915,202.7361,,40941,16.078,0,,637,16.747,0.1765,,2477,17.035,1.2427,,43807,17.034,1.5715,,40708,17.115,0.207,,2299,17.427,0.7175,,59217
cys6,5.466,0.903,,64519,6.07,3.5855,,781291,6.242,0.5571,,54121,7.354,0.774,,28047,7.438,2.3187,,14912,7.392,2.1182,,86815,7.438,4.496,,155456,6.9,10.1294,,247816,9.913,25.8754,,354319,14.808,9.2994,,337428,14.886,317.47,,79357,15.047,288.7808,,133330,15.133,3106.7274,,2815701,15.332,32.5475,,39739,15.396,22.8022,,855,15.404,14.5011,,9347,15.804,0,,62,15.969,47.8899,,3821303,15.851,0,,15383,16.078,287.248,,4229988,16.731,0.1716,,2371,17.019,5.5582,,149987,17.018,5.7184,,140859,17.084,0.1621,,1889,17.411,1.5452,,136817
blank,5.355,0.4217,,1552,6.007,0,,2533,6.052,0.0057,,74,7.798,0.082,,145,7.406,0.1375,,51,7.17,0,,97,7.454,0,,1035,7.454,0.0371,,869,9.929,0,,460,14.697,0.1211,,1289,14.934,0,,70,15.11,0,,201,15.18,1.5959,,2028,15.363,0.1145,,46,15.76,2.733,,128,15.467,0.5334,,143,15.725,0,,125,15.858,0,,5675262,15.978,0,,10184,16.078,0,,1796,16.731,0.0778,,345,17.035,0,,3356,17.034,0,,2586,17.099,0.1156,,1464,17.427,0.2288,,13389
sulf6,5.244,0.4955,,11209,6.023,0.9601,,234422,6.258,0.0698,,6354,7.212,0.0799,,60,7.453,0.5311,,2733,7.439,1.0063,,43363,7.438,1.0213,,43983,6.916,0.4804,,11717,9.897,4.2083,,60889,14.697,0.6238,,19701,14.918,11.9449,,3165,15.095,25.7917,,12101,15.18,2864.2975,,2596027,15.347,5.303,,6396,15.412,1.0623,,67,15.515,3.8298,,2315,15.852,154.4817,,470,16.032,0,,7570817,15.804,0,,5998,16.094,0,,393,16.747,0.231,,3655,17.035,1.0323,,38630,17.034,1.5836,,41000,17.099,0.3471,,3579,17.427,0.527,,41355
reg14,5.45,0.6377,,29814,5.991,11.9374,,2520991,6.227,0.237,,22742,7.386,0.1088,,1223,7.406,0.8195,,4697,7.392,1.9515,,80301,7.391,1.9612,,74136,6.868,1.7041,,41658,9.77,24.0975,,330242,14.729,3.5569,,127118,14.902,169.8095,,42533,15.063,511.1289,,235825,15.18,2349.4284,,2129485,15.331,46.0451,,56259,15.396,6.6795,,271,15.436,33.5383,,21891,15.741,0,,18,15.874,150.3906,,1055152,15.851,0,,8318,16.078,0,,384,16.747,0.2016,,3018,17.035,0.9336,,36201,17.034,1.4702,,38261,17.099,0.287,,3030,17.427,0.9289,,79032
cys14,5.291,0.5362,,16529,6.007,1.6608,,380384,6.227,0.1612,,15311,7.402,0.1588,,3240,7.406,0.2879,,1076,7.424,0.2398,,13409,7.407,0.0722,,13533,6.884,3.0204,,73866,9.849,14.7994,,204321,14.666,0.5881,,18392,15.044,88.7574,,22320,15.079,555.2951,,256185,15.18,2409.9359,,2184313,15.332,18.5539,,22613,15.412,12.0197,,464,15.467,4.6705,,2869,15.773,0,,24,15.953,8.4247,,4886335,15.962,0,,12305,16.078,57.5391,,858963,16.747,0.1446,,1789,17.035,6.1806,,165300,17.034,6.8117,,167263,17.099,0.1297,,1592,17.411,0.7103,,58542
sulf14,5.228,0.4888,,10329,5.975,0.9289,,227922,6.211,0.1098,,10273,7.386,0.1044,,1047,7.406,1.3972,,8633,7.392,3.9647,,158978,7.391,4.2909,,148877,6.868,0.9348,,22833,9.865,26.852,,367545,14.666,1.3906,,47785,14.902,20.9234,,5404,15.079,87.6466,,40614,15.196,2624.3003,,2378556,15.331,24.013,,29294,15.412,3.0461,,139,15.483,9.2596,,5893,15.82,0,,192,15.985,0,,7258722,15.899,96.684,,29304,16.078,0,,297,16.747,0.1275,,1419,17.035,3.8175,,107158,17.034,4.3434,,107652,17.099,0.1288,,1585,17.427,0.829,,69665
reg7,5.323,0.447,,4865,6.007,1.3131,,307944,6.258,0.0705,,6422,7.402,0.1213,,1727,7.422,0.6253,,3374,7.408,1.4046,,58929,7.422,1.4328,,57183,6.884,1.3588,,33210,9.865,11.8432,,164286,14.666,0.7982,,26086,14.934,76.498,,19263,15.079,127.9191,,59178,15.18,2584.2841,,2342296,15.347,16.6932,,20336,15.412,2.3325,,113,15.467,15.4318,,9960,15.884,87.0647,,371,15.969,0,,7528440,15.867,69.3837,,26308,16.094,0,,450,16.747,0.2687,,4467,17.035,1.2747,,44596,17.034,1.6928,,43637,17.099,0.2652,,2831,17.427,0.6355,,51529
blank,5.291,0.4114,,198,5.991,0,,1981,6.211,0.0173,,1212,7.323,0.0796,,45,7.422,0.1387,,59,7.392,0,,1067,7.391,0,,880,7.407,0.0377,,883,9.865,0,,603,14.681,0.1235,,1378,14.902,0,,87,15.079,0,,38,15.164,1.6472,,2075,15.347,0.2185,,173,15.539,0,,16,15.467,0.5905,,180,15.789,50.6257,,318,15.874,0,,5538406,15.883,0,,13105,16.094,0,,571,16.715,0.0942,,700,17.035,0,,3073,17.05,0.0093,,2977,17.163,0.165,,1915,17.427,0.2206,,12622
cys7,5.276,0.5006,,11876,5.991,2.2852,,510432,6.227,0.1306,,12313,7.386,0.2983,,8867,7.374,0.6342,,3435,7.376,0.9886,,42670,7.375,1.0435,,44693,6.884,1.58,,38622,9.802,10.9958,,152810,14.666,0.6806,,21782,14.949,90.0386,,22640,15.079,266.3183,,122976,15.196,2273.9068,,2061052,15.347,24.2586,,29595,15.412,5.6309,,233,15.483,9.104,,5790,15.899,225.4715,,574,15.953,0,,6346334,15.867,0,,13215,16.078,77.2742,,1148579,16.747,0.1538,,1986,17.035,2.4625,,73819,17.034,2.9865,,74880,17.099,0.068,,1029,17.427,0.8302,,69781
sulf7,5.26,0.4807,,9267,5.991,0.5073,,140105,6.227,0.0657,,5951,7.354,0.0878,,378,7.358,0.4932,,2474,7.344,1.023,,44016,7.343,0.9441,,41505,6.836,0.4285,,10445,9.739,4.1805,,60513,14.602,0.6287,,19878,14.997,30.4988,,7792,15.079,24.4111,,11464,15.149,2631.4179,,2385006,15.332,4.138,,4970,15.412,3.3283,,149,15.499,3.8045,,2298,15.836,2.8069,,248,15.89,0,,6580245,15.931,54.5433,,24680,16.078,0,,898,16.747,0.161,,2142,17.035,0.9538,,36700,17.034,1.4007,,36581,17.099,0.1573,,1844,17.427,0.4992,,38744
reg15,5.355,0.4493,,5163,5.991,6.9316,,1478276,6.242,0.1193,,11209,7.418,0.0951,,671,7.406,0.6071,,3250,7.392,1.3459,,56636,7.391,1.4186,,56727,7.137,0.0016,,1,9.834,15.9248,,219562,14.666,0.4667,,13946,14.918,77.2054,,19440,15.079,444.18,,204964,15.164,1536.9265,,1393247,15.332,17.9455,,21868,15.412,2.548,,121,15.467,21.1074,,13700,15.646,0,,212,15.953,0,,7366119,15.851,315.5937,,53324,16.094,0,,284,16.747,0.1615,,2153,17.035,0.5028,,25603,17.034,0.9576,,25880,17.099,0.2307,,2516,17.427,0.6235,,50397
cys15,5.402,0.8728,,60568,5.928,4.3185,,933970,6.147,0.4213,,40816,7.291,0.2262,,5958,7.263,0.5888,,3125,7.297,0.7469,,33225,7.343,0.7043,,33812,6.82,5.129,,125462,9.691,26.0757,,357032,14.745,3.8295,,137103,14.886,113.886,,28587,15.079,1057.3597,,487620,15.117,1954.7021,,1771809,15.316,30.5605,,37308,15.396,19.2311,,726,15.404,7.7308,,4885,15.868,117.3661,,415,15.953,28.1567,,4353835,15.946,185.7631,,39078,16.078,98.5554,,1460885,16.731,0.1624,,2173,17.035,6.3503,,169476,17.034,6.614,,162490,17.099,0.234,,2545,17.411,0.9416,,80224
sulf15,5.244,0.4533,,5686,5.991,1.5912,,365875,6.242,0.1,,9316,7.402,0.094,,628,7.39,1.1137,,6702,7.392,2.7424,,111210,7.391,3.0541,,109199,6.868,0.6431,,15697,9.786,26.6148,,364332,14.618,1.0478,,35229,14.886,12.4136,,3282,15.079,98.2643,,45508,15.18,1762.2945,,1597462,15.331,24.7656,,30215,15.412,2.9755,,136,15.467,14.7702,,9524,15.662,0,,152,15.89,0,,5260365,15.74,0,,6504,16.078,0,,734,16.747,0.1351,,1583,17.035,2.4923,,74553,17.034,3.2087,,80247,17.099,0.1918,,2160,17.427,0.9013,,76447
blank,5.165,0.4151,,693,5.959,0,,9493,6.179,0.0408,,3514,7.339,0.0831,,189,7.343,0.1472,,117,7.329,0,,2599,7.312,0,,2675,7.327,0.0936,,2250,9.707,0,,1753,14.507,0.2127,,4647,14.902,0,,92,15.063,0.4607,,424,15.149,6.1153,,6123,15.331,0.2471,,208,15.412,0,,25,15.451,0.7081,,258,15.678,0,,95,15.874,0,,5568813,15.883,53.9039,,24610,16.078,0,,1123,16.731,0.1075,,987,17.035,0,,5729,17.034,0.1132,,5487,17.099,0.1491,,1769,17.427,0.4142,,30777
reg8,5.307,0.5071,,12729,6.007,1.4759,,341854,6.242,0.0829,,7644,7.386,0.1217,,1745,7.374,0.7194,,4015,7.376,1.5817,,65849,7.391,1.5413,,60664,6.852,1.4525,,35502,9.786,15.2126,,209916,14.602,0.9765,,32618,14.918,83.5504,,21022,15.063,145.2606,,67172,15.164,2696.6305,,2444097,15.331,18.6324,,22709,15.412,2.4706,,118,15.467,13.2382,,8514,16.137,0,,97,15.874,28.5334,,4343670,15.867,33.698,,22393,16.078,0,,398,16.747,0.1782,,2513,17.035,1.6992,,55041,17.034,2.2278,,56558,17.099,0.1842,,2091,17.427,0.766,,63759
cys8,5.212,0.469,,7739,5.959,1.3533,,316313,6.179,0.1008,,9394,7.354,0.1831,,4220,7.374,0.424,,2003,7.36,0.7441,,33115,7.359,0.6032,,30570,6.836,1.553,,37962,9.818,7.339,,103288,14.65,0.4776,,14346,14.997,68.6928,,17317,15.063,227.2183,,104952,15.18,1765.3512,,1600231,15.332,16.7554,,20412,15.412,3.4077,,152,15.467,7.3932,,4663,15.852,0,,110,15.985,0,,7173872,15.962,0,,8984,16.094,65.0482,,969160,16.747,0.1941,,2857,17.035,1.6745,,54433,17.034,2.2699,,57574,17.099,0.2251,,2464,17.427,0.7152,,59001
sulf8,5.244,0.4543,,5812,5.928,1.0407,,251199,6.147,0.0654,,5921,7.323,0.0832,,193,7.311,0.4445,,2142,7.297,0.9198,,39981,7.312,0.8522,,38558,6.805,0.3888,,9475,9.707,4.6841,,67332,14.666,0.7062,,22717,14.886,26.1232,,6701,15.079,21.1853,,9978,15.164,2500.7309,,2266586,15.331,3.8442,,4611,15.396,0.9663,,64,15.467,3.6502,,2197,15.915,0,,174,15.953,0,,7859571,15.867,0,,8173,16.078,0,,1244,16.747,0.1407,,1703,17.035,0.9051,,35501,17.034,1.377,,36009,17.099,0.2054,,2284,17.427,0.5827,,46574
reg16,5.481,0.4703,,7915,5.975,8.6405,,1834243,6.227,0.1506,,14274,7.402,0.0948,,660,7.39,0.6921,,3829,7.376,1.6663,,69156,7.359,1.6941,,65568,6.852,1.1582,,28300,9.77,20.7584,,285022,14.618,0.6019,,18899,14.886,91.3557,,22968,15.063,420.1531,,193889,15.164,1818.4896,,1648382,15.332,25.0441,,30556,15.396,2.1101,,105,15.467,25.2926,,16458,15.773,97.7336,,387,15.89,9.9193,,4846000,15.883,463.6828,,69573,16.094,0,,691,16.747,0.18,,2553,17.035,0.8135,,33248,17.034,1.2629,,33254,17.099,0.2118,,2343,17.427,0.8363,,70353
cys16,5.244,0.5629,,20029,5.959,2.0297,,457216,6.195,0.3134,,30235,7.354,0.1791,,4060,7.327,0.3964,,1815,7.344,0.3357,,17155,7.343,0.1922,,17384,6.836,3.0086,,73578,9.754,19.8742,,273048,14.602,2.3171,,81715,14.965,97.4749,,24494,15.063,542.9604,,250499,15.18,3105.1619,,2814283,15.332,15.362,,18707,15.396,7.144,,288,15.467,4.8322,,2975,15.82,0,,212,15.937,1.1524,,5082591,15.962,137.7428,,33809,16.078,45.7653,,686181,16.731,0.2102,,3204,17.035,6.7795,,180036,17.034,6.9934,,171654,17.099,0.1563,,1836,17.411,1.9061,,170663
blank,5.212,0.4309,,2750,5.975,0,,2377,6.211,0.0174,,1224,7.465,0.0806,,86,7.374,0.1442,,96,7.392,0,,1077,7.391,0,,842,7.375,0.039,,914,9.707,0,,196,14.571,0.1339,,1759,14.886,0,,147,15.142,0,,62,15.164,1.6299,,2059,15.205,0.1082,,38,15.412,0,,26,15.451,0.4195,,68,15.725,113.9383,,410,15.842,0,,5480021,15.867,187.0269,,39217,16.094,0,,914,16.747,0.0859,,519,17.035,0,,2362,17.05,0,,1984,17.115,0.132,,1614,17.427,0.2205,,12617
sulf16,5.18,0.4498,,5225,5.912,0.8631,,214212,6.147,0.072,,6569,7.339,0.1103,,1283,7.311,0.9908,,5864,7.297,2.541,,103340,7.296,2.7623,,99836,6.789,0.6725,,16415,9.754,17.6615,,243082,14.57,0.8026,,26250,14.886,14.4519,,3790,15.063,79.3794,,36803,15.164,1495.7226,,1355911,15.331,20.1569,,24575,15.412,1.2358,,73,15.467,7.458,,4706,15.804,0,,69,15.937,0,,8079026,15.772,176.3167,,38042,16.078,0,,288,16.731,0.1391,,1670,17.019,2.1723,,66679,17.034,2.802,,70425,17.099,0.1636,,1903,17.411,0.693,,56915
Std0.4r,5.26,0.6854,171.4,36052,5.975,0.2007,50.2,76236,6.227,0.2912,72.8,28063,7.402,0.3736,93.4,11902,7.39,0.4482,112,2167,7.376,0.2771,69.3,14867,7.359,0.0768,19.2,13682,6.868,0.3791,94.8,9237,9.786,0.1221,30.5,5552,14.539,0.4474,111.9,13241,14.902,0,0,129,15.047,0.1671,41.8,289,15.164,0.3283,82.1,880,15.331,0.4379,109.5,442,15.428,0.763,190.8,56,15.467,0.6603,165.1,226,15.868,0,0,232,15.858,0,0,5431656,15.835,102.9125,25728.1,29987,16.094,0,0,5891,16.731,0.449,112.2,8361,17.035,0,0,10922,17.034,0.257,64.2,8960,17.099,0.4393,109.8,4422,17.427,0.4563,114.1,34728
Std0.8r,5.244,1.0618,132.7,85296,5.959,0.7175,89.7,183887,6.195,0.7659,95.7,74589,7.323,0.8416,105.2,30772,7.311,0.9434,117.9,5541,7.329,0.809,101.1,35651,7.327,0.7688,96.1,35881,6.836,0.9936,124.2,24273,9.723,0.68,85,13106,14.523,0.9966,124.6,33353,14.87,0.4871,60.9,307,15.063,0.7075,88.4,538,15.149,0.799,99.9,1306,15.332,0.9716,121.5,1095,15.412,0.0062,0.8,29,15.467,1.0279,128.5,469,15.82,6.9128,864.1,254,15.858,0,0,7019824,15.835,0,0,3807,16.094,0.0066,0.8,14662,16.731,0.9366,117.1,18891,17.035,0.3194,39.9,21091,17.034,0.8709,108.9,23788,17.099,0.7934,99.2,7658,17.427,0.9193,114.9,78138
Std1.6r,5.244,1.8458,115.4,187869,5.912,1.529,95.6,352917,6.147,1.5794,98.7,154339,7.291,1.7713,110.7,68262,7.311,2.0283,126.8,12933,7.313,1.9187,119.9,79019,7.312,1.8958,118.5,72037,6.789,1.7584,109.9,42987,9.707,1.5188,94.9,24467,14.507,1.7353,108.5,60407,14.87,1.3934,87.1,533,15.047,1.3782,86.1,847,15.148,1.8322,114.5,2242,15.331,1.9483,121.8,2290,15.396,1.5283,95.5,84,15.451,1.9431,121.4,1072,15.804,125.4323,7839.5,427,15.842,0,0,5360058,15.915,0,0,13580,16.078,0.9795,61.2,28939,16.731,1.826,114.1,38098,17.035,1.3229,82.7,45782,17.034,1.617,101.1,41807,17.099,1.6099,100.6,15119,17.411,1.6021,100.1,142158
Std3.2r,5.26,3.2805,102.5,375554,5.959,3.6563,114.3,796048,6.195,3.6059,112.7,352990,7.354,3.4444,107.6,135729,7.343,3.5441,110.8,23261,7.344,3.7095,115.9,149003,7.343,3.5306,110.3,124485,6.836,3.7117,116,90780,9.77,3.3663,105.2,49486,14.555,3.4031,106.3,121489,14.87,3.2899,102.8,1006,15.063,3.7687,117.8,1949,15.148,3.393,106,3657,15.331,3.8219,119.4,4583,15.412,2.6136,81.7,123,15.467,3.742,116.9,2257,15.868,157.1775,4911.8,474,15.842,0,0,5514135,15.883,0,0,10476,16.094,3.1426,98.2,60683,16.747,3.6738,114.8,78003,17.035,3.0873,96.5,89192,17.034,3.6234,113.2,90263,17.099,3.4142,106.7,31607,17.427,3.1857,99.6,290635
Std6.125r,5.196,5.2591,85.9,634418,5.959,6.0278,98.4,1290015,6.211,5.9035,96.4,578216,7.354,5.1599,84.2,204906,7.358,5.4321,88.7,36124,7.344,5.5499,90.6,220924,7.343,6.0149,98.2,204187,6.852,5.637,92,137892,9.739,5.6443,92.2,80337,14.444,5.5748,91,201022,14.87,5.984,97.7,1678,15.047,6.2619,102.2,3098,15.149,5.0527,82.5,5161,15.331,5.5114,90,6651,15.396,6.3951,104.4,260,15.451,5.693,92.9,3543,15.836,0,0,116,15.842,0,0,5218753,15.867,310.2298,5065,52735,16.078,5.1271,83.7,89806,16.747,5.2903,86.4,112913,17.035,5.222,85.3,141715,17.034,5.4262,88.6,133803,17.099,5.5299,90.3,50941,17.427,4.6142,75.3,424572
Std12.5r,5.212,10.8191,86.6,1361815,5.943,12.5358,100.3,2645655,6.163,12.4451,99.6,1219470,7.323,11.6704,93.4,467434,7.311,11.7721,94.2,79319,7.313,12.1078,96.9,477209,7.312,12.2324,97.9,403657,6.82,11.7143,93.7,286595,9.691,11.9245,95.4,165387,14.46,11.6715,93.4,424300,14.87,11.7044,93.6,3105,15.047,12.3433,98.7,5902,15.148,11.2838,90.3,10807,15.331,11.717,93.7,14246,15.396,7.5057,60,301,15.451,10.8813,87.1,6961,15.899,0,0,137,15.89,108.8613,870.9,2175890,15.835,0,0,17518,16.078,11.4402,91.5,182453,16.731,10.8653,86.9,233309,17.035,10.9832,87.9,283467,17.034,11.0707,88.6,270124,17.099,12.0815,96.7,110811,17.411,10.5829,84.7,984210
Std25r,5.276,27.3329,109.3,3522272,5.912,24.9579,99.8,5233168,6.147,25.0339,100.1,2453506,7.307,26.3639,105.5,1059937,7.311,25.4569,101.8,172557,7.297,25.2531,101,990920,7.312,25.1057,100.4,816655,6.805,25.4309,101.7,622223,9.707,27.3402,109.4,374157,14.523,26.0851,104.3,952171,14.87,29.86,119.4,7632,15.047,34.0832,136.3,15923,15.149,28.0396,112.2,25990,15.332,28.2177,112.9,34440,15.396,26.6045,106.4,993,15.451,25.5423,102.2,16622,15.884,0,0,145,15.858,68.2048,272.8,3273071,15.835,0,0,14843,16.078,28.4343,113.7,431843,16.731,27.2264,108.9,586635,17.035,25.7246,102.9,646167,17.034,26.6751,106.7,646988,17.099,26.1692,104.7,239547,17.411,29.291,117.2,2738300
Std50r,5.276,49.3404,98.7,6401451,5.912,41.2102,82.4,8618530,6.147,42.0989,84.2,4126334,7.291,46.7597,93.5,1882379,7.295,45.4246,90.8,308600,7.297,37.9964,76,1488928,7.28,41.4751,83,1341818,6.805,45.8491,91.7,1121831,9.723,49.0287,98.1,667877,14.491,49.7111,99.4,1817425,14.87,46.4731,92.9,11775,15.047,62.8721,125.7,29194,15.149,48.8964,97.8,44889,15.331,50.2169,100.4,61364,15.396,49.2143,98.4,1813,15.451,50.135,100.3,32827,15.789,0,0,209,15.858,57.3972,114.8,3564732,15.867,0,0,10197,16.078,53.4574,106.9,799063,16.731,49.3576,98.7,1064572,17.035,55.9636,111.9,1390177,17.034,50.5915,101.2,1224600,17.099,49.5963,99.2,453629,17.411,55.866,111.7,5229997
Std100r,5.323,85.6605,85.7,11153118,5.912,54.2468,54.2,11334082,6.147,61.6438,61.6,6042257,7.291,70.3755,70.4,2834665,7.279,67.9904,68,462346,7.297,55.9729,56,2191442,7.28,65.8927,65.9,2125180,6.789,73.2344,73.2,1791914,9.707,73.3508,73.4,997263,14.46,80.6252,80.6,2949593,14.87,100.662,100.7,25289,15.047,99.9982,100,46308,15.149,84.5318,84.5,77180,15.331,80.5233,80.5,98455,15.396,75.9161,75.9,2782,15.451,78.1626,78.2,51295,15.884,169.527,169.5,492,15.858,75.4377,75.4,3077878,15.851,166.9804,167,37017,16.078,97.6284,97.6,1447282,16.731,79.7316,79.7,1720517,17.035,97.0958,97.1,2402206,17.034,99.4931,99.5,2405632,17.099,99.9912,100,914149,17.427,97.3984,97.4,9124124
blank,5.244,0.416,,809,5.928,0,,2591,6.163,0.0189,,1362,7.291,0.0804,,79,7.295,0.1363,,43,7.297,0,,1011,7.312,0,,1103,7.312,0.0327,,760,9.739,0,,597,14.507,0.1328,,1717,14.886,0,,32,15.063,0,,162,15.149,1.4397,,1887,15.332,0.2142,,168,15.428,0,,16,15.451,0.5194,,134,15.804,0,,156,15.874,62.3808,,3430242,15.851,114.888,,31301,16.078,0,,2322,16.731,0.1224,,1309,17.051,0,,3212,17.05,0.032,,3526,17.131,0.1255,,1554,17.427,0.2239,,12936
blank,5.196,0.4219,,1575,5.912,0,,3527,6.147,0.0271,,2170,7.307,0.083,,183,7.327,0.1538,,162,7.297,0,,1390,7.296,0,,1293,7.28,0.0432,,1017,9.707,0,,634,14.491,0.1428,,2084,15.219,0,,22,15.047,0,,71,15.133,1.2977,,1758,15.332,0.1039,,33,15.412,0,,21,15.467,0.5693,,166,15.836,0,,84,15.826,76.3768,,3052535,15.867,170.6796,,37423,16.078,0,,1183,16.715,0.1296,,1464,17.035,0,,3579,17.034,0.0208,,3255,17.099,0.2144,,2366,17.411,0.2341,,13894
blank,5.149,0.4245,,1920,5.928,0,,5033,6.163,0.0305,,2502,7.259,0.0836,,207,7.311,0.1422,,83,7.297,0,,1478,7.296,0,,1433,7.296,0.0617,,1470,9.675,0,,844,14.444,0.1441,,2133,14.87,0,,85,15.095,0,,112,15.149,1.4744,,1918,15.331,0.1659,,109,15.396,0,,14,15.451,0.6193,,199,15.836,295.7434,,677,15.858,0,,5801263,15.835,0,,3292,16.094,0,,919,16.731,0.0944,,705,17.051,0,,3530,17.05,0.0264,,3392,17.131,0.1928,,2169,17.443,0.2365,,14114