Gene ID,pathway,description,Avg Z-score Nt,Avg Z-score Cys,Avg Z-score Sulf,Cys-vs-Nt p-value,Sulf-vs-Nt p-value
Ical_0109,KEGG cysteine and methionine metabolism,cysteine synthase [EC:2.5.1.47] | (GenBank) cysteine synthase,0.8794769944570824,-0.2243294219981193,0.706209013158133,0.00013518989824265335,0.5506462860737303
Ical_1758,KEGG cysteine and methionine metabolism,aspartate kinase [EC:2.7.2.4] | (GenBank) aspartate kinase,0.9185323161640878,-0.5577400878488509,0.3479327081246318,2.1027704886845796e-05,0.10244640009958524
Ical_3047,KEGG cysteine and methionine metabolism,aspartate-semialdehyde dehydrogenase [EC:1.2.1.11] | (GenBank) aspartate semialdehyde dehydro,0.22718801713083392,-0.19053000587316415,0.25951123408893223,0.2994019384993833,0.9849831173179269
Ical_3389,KEGG cysteine and methionine metabolism,5'-methylthioadenosine phosphorylase [EC:2.4.2.28] | (GenBank) methylthioadenosine phosphoryl,0.5945515033256586,0.34449525545179643,-0.030969026723953314,0.25892984798897384,0.020046140382918225
Ical_3459,KEGG cysteine and methionine metabolism,cystathionine beta-synthase [EC:4.2.1.22] | (GenBank) cystathionine beta-synthase,0.4159368024846379,0.8852124931356653,-0.27030506565737206,0.16470574174110528,0.12337739093507905
Ical_3515,KEGG cysteine and methionine metabolism,cystathionine gamma-synthase [EC:2.5.1.48] | (GenBank) Cys/Met metabolism pyridoxal-phosphate,-0.6581246631503941,0.9378288801681481,-0.6596503656592987,0.000990662095835894,0.9849831173179269
Ical_3608,KEGG cysteine and methionine metabolism,malate dehydrogenase [EC:1.1.1.37] | (GenBank) malate dehydrogenase (NAD),0.8489455143054739,0.1370560396987404,-0.9961785069347014,0.05209209087983806,0.0013748991804391967
Ical_0035,KEGG cysteine and methionine metabolism,thiosulfate/3-mercaptopyruvate sulfurtransferase [EC:2.8.1.1 2.8.1.2] | (GenBank) Thiosulfate,-0.12645455626632016,-0.2738520912890022,-0.3946813510571798,0.7162862967314707,0.5506462860737303
Ical_0077,KEGG cysteine and methionine metabolism,O-acetylhomoserine (thiol)-lyase [EC:2.5.1.49] | (GenBank) O-acetylhomoserine sulfhydrolase,1.0380676024507542,-0.547346529767066,0.45321566009610476,1.5208857986113272e-05,0.12337739093507905
Ical_0334,KEGG cysteine and methionine metabolism,cysteine-S-conjugate beta-lyase [EC:4.4.1.13] | (GenBank) aminotransferase class I and II,0.269855656231577,-0.804674633164525,0.13194211534111147,0.006737451795720377,0.8956044878404624
Ical_0338,KEGG cysteine and methionine metabolism,homoserine O-acetyltransferase/O-succinyltransferase [EC:2.3.1.31 2.3.1.46] | (GenBank) homos,0.8568071852185302,-0.31419539101813604,0.33215275536528993,0.000990662095835894,0.17972411413838935
Ical_0461,KEGG cysteine and methionine metabolism,S-adenosylmethionine synthetase [EC:2.5.1.6] | (GenBank) methionine adenosyltransferase,0.7556287690790559,-0.7030663522681562,0.6308285127799623,0.0002553871976482854,0.5506462860737303
Ical_0620,KEGG cysteine and methionine metabolism,5-methyltetrahydrofolate--homocysteine methyltransferase [EC:2.1.1.13] | (GenBank) methionine,0.5926220956537164,-0.7721983328348313,0.7784212441678965,0.00013518989824265335,0.5506462860737303
Ical_0779,KEGG cysteine and methionine metabolism,branched-chain amino acid aminotransferase [EC:2.6.1.42] | (GenBank) aminotransferase class I,-0.30790417659771435,0.8715540944826344,-0.07489928741110408,0.018255072777256163,0.6600279929877884
Ical_0948,KEGG cysteine and methionine metabolism,O-succinylhomoserine sulfhydrylase [EC:2.5.1.-] | (GenBank) O-succinylhomoserine sulfhydrylas,0.5553939760959506,-0.49105369799616977,0.6062487011217635,8.391260492235858e-06,0.8956044878404624
Ical_1028,KEGG cysteine and methionine metabolism,thiosulfate/3-mercaptopyruvate sulfurtransferase [EC:2.8.1.1 2.8.1.2] | (GenBank) Rhodanese d,0.4010211705874635,0.01715340865251891,-0.3202994809333506,0.24529192772925812,0.12337739093507905
Ical_1273,KEGG cysteine and methionine metabolism,cystathionine gamma-synthase [EC:2.5.1.48] | (GenBank) Cys/Met metabolism pyridoxal-phosphate,0.4237043704672497,-0.10762165219572811,0.6722891243752648,0.06100270799979243,0.5506462860737303
Ical_1313,KEGG cysteine and methionine metabolism,branched-chain amino acid aminotransferase [EC:2.6.1.42] | (GenBank) branched chain amino aci,0.03968467050946382,0.8162378376035955,-0.833764097490616,0.06342723839584281,0.0013748991804391967
Ical_1421,KEGG cysteine and methionine metabolism,homoserine dehydrogenase [EC:1.1.1.3] | (GenBank) homoserine dehydrogenase,0.6821397353389211,-0.6272520565533769,0.6875918219858937,0.00040559820390818354,0.9849831173179269
Ical_1486,KEGG cysteine and methionine metabolism,adenosylhomocysteinase [EC:3.3.1.1] | (GenBank) adenosylhomocysteinase,0.22627397062695598,0.24890719671264608,0.10502680050879508,0.9652998506273356,0.8956044878404624
Ical_2239,KEGG cysteine and methionine metabolism,glutathione synthase [EC:6.3.2.3] | (GenBank) Glutathione synthase,0.03377780309971634,-0.7777923609515166,0.13870069192810203,0.11095681872615125,0.8956044878404624
Ical_2341,KEGG cysteine and methionine metabolism,methionine-gamma-lyase [EC:4.4.1.11] | (GenBank) cystathionine gamma-synthase,-0.6498252390937905,0.0732428595184039,-0.5689774666426249,1.513942049944311e-05,0.5506462860737303
Ical_2350,KEGG cysteine and methionine metabolism,L-lactate dehydrogenase [EC:1.1.1.27] | (GenBank) malate dehydrogenase (NAD),0.8978634354341994,-0.6398994460645008,0.5588232346266987,0.00021517861216647678,0.12337739093507905
Ical_2654,KEGG cysteine and methionine metabolism,L-serine dehydratase [EC:4.3.1.17] | (GenBank) L-serine ammonia-lyase,0.17880918522818337,-0.4013231898034337,-0.3042537443445903,0.06100270799979243,0.10244640009958524
Ical_2818,KEGG sulfur metabolism,sulfite reductase (ferredoxin) [EC:1.8.7.1] | (GenBank) Sulfite reductase (ferredoxin),0.999254548975781,-0.7008298121679001,0.8488839398082052,6.3690206205473076e-12,0.5145767986949609
Ical_2819,KEGG sulfur metabolism,phosphoadenosine phosphosulfate reductase [EC:1.8.4.8 1.8.4.10] | (GenBank) phosphoadenylylsu,1.1097591964481903,-0.9527800021177718,0.7684407139351129,4.62881351760624e-11,0.17463954618132166
Ical_0109,KEGG sulfur metabolism,cysteine synthase [EC:2.5.1.47] | (GenBank) cysteine synthase,0.8794769944570824,-0.2243294219981193,0.706209013158133,5.530495837199455e-05,0.4231366128734249
Ical_2965,KEGG sulfur metabolism,sulfate/thiosulfate transport system ATP-binding protein [EC:7.3.2.3] | (GenBank) sulfate ABC,1.135148011412327,-0.730494099099169,0.7019553048149567,6.632770948226671e-14,0.17463954618132166
Ical_2976,KEGG sulfur metabolism,"sulfate/thiosulfate transport system permease protein | (GenBank) sulfate ABC transporter, in",1.1174674135787328,-0.9314577182488191,0.7342927337602508,9.689606140630983e-14,0.17463954618132166
Ical_2987,KEGG sulfur metabolism,"sulfate/thiosulfate transport system permease protein | (GenBank) sulfate ABC transporter, in",1.1207038758140013,-0.8267808131056081,0.7522865260850153,9.689606140630983e-14,0.17463954618132166
Ical_2998,KEGG sulfur metabolism,sulfate/thiosulfate transport system substrate-binding protein | (GenBank) sulfate ABC transp,0.9490204746217376,-0.6307353860679509,0.8608579094811487,1.1695574795206803e-09,0.7353515776672155
Ical_3515,KEGG sulfur metabolism,cystathionine gamma-synthase [EC:2.5.1.48] | (GenBank) Cys/Met metabolism pyridoxal-phosphate,-0.6581246631503941,0.9378288801681481,-0.6596503656592987,0.0006195837593289109,0.9849831173179269
Ical_3637,KEGG sulfur metabolism,sulfate adenylyltransferase subunit 2 [EC:2.7.7.4] | (GenBank) sulfate adenylyltransferase su,0.9708843834725394,-0.6443254541334532,0.759231115356636,3.342967668112022e-08,0.5068351622812756
Ical_3638,KEGG sulfur metabolism,sulfate adenylyltransferase subunit 1 [EC:2.7.7.4] | (GenBank) sulfate adenylyltransferase su,1.05908900700234,-0.8196001785411923,0.7034330895001178,5.0603690503916895e-09,0.24508190364532287
Ical_0035,KEGG sulfur metabolism,thiosulfate/3-mercaptopyruvate sulfurtransferase [EC:2.8.1.1 2.8.1.2] | (GenBank) Thiosulfate,-0.12645455626632016,-0.2738520912890022,-0.3946813510571798,0.7245743177316659,0.5032349560235041
Ical_0323,KEGG sulfur metabolism,thiosulfate dehydrogenase [quinone] large subunit [EC:1.8.5.2] | (GenBank) DoxX family protei,-0.33823636933432827,-0.2024927624803883,0.22147931656977157,0.7245743177316659,0.17463954618132166
Ical_0338,KEGG sulfur metabolism,homoserine O-acetyltransferase/O-succinyltransferase [EC:2.3.1.31 2.3.1.46] | (GenBank) homos,0.8568071852185302,-0.31419539101813604,0.33215275536528993,0.0006286894069727787,0.17463954618132166
Ical_0681,KEGG sulfur metabolism,FMN reductase [EC:1.5.1.38] | (GenBank) NADPH-dependent FMN reductase,-0.6536842106725926,1.0513331748497077,-0.25278080918988394,0.002952220774895496,0.02329657159891151
Ical_0948,KEGG sulfur metabolism,O-succinylhomoserine sulfhydrylase [EC:2.5.1.-] | (GenBank) O-succinylhomoserine sulfhydrylas,0.5553939760959506,-0.49105369799616977,0.6062487011217635,6.992717076863215e-07,0.8297464661760428
Ical_1028,KEGG sulfur metabolism,thiosulfate/3-mercaptopyruvate sulfurtransferase [EC:2.8.1.1 2.8.1.2] | (GenBank) Rhodanese d,0.4010211705874635,0.01715340865251891,-0.3202994809333506,0.2299611822461795,0.17463954618132166
Ical_1214,KEGG sulfur metabolism,sulfide:quinone oxidoreductase [EC:1.8.5.4] | (GenBank) FAD-dependent pyridine nucleotide-dis,-0.8927455939093432,0.8648805203268077,-0.41765886868563934,6.199771825385563e-06,0.17463954618132166
Ical_1273,KEGG sulfur metabolism,cystathionine gamma-synthase [EC:2.5.1.48] | (GenBank) Cys/Met metabolism pyridoxal-phosphate,0.4237043704672497,-0.10762165219572811,0.6722891243752648,0.04727559827964781,0.4231366128734249
Ical_1034,GO metal ion transport,Zinc uptake regulation protein ZUR,-0.20210053338625159,-0.6278813143750188,0.1586697886347204,0.20603779049362841,0.15778864730096992
Ical_1033,GO metal ion transport,"Zinc ABC transporter, inner membrane permease protein ZnuB",-0.1935161069514267,-0.5045825217004041,-0.021986544191232114,0.2554378353057637,0.39557150429880333
Ical_1031,GO metal ion transport,"Zinc ABC transporter, ATP-binding protein ZnuC",-0.6051893507911106,-0.02367981102631203,0.020514762835659055,0.0024184866312196777,8.750184002764765e-05
Ical_1030,GO metal ion transport,"Zinc ABC transporter, periplasmic-binding protein ZnuA",-0.7634435865392092,-0.3689091546457386,1.0637471664477665,0.2351514658290576,0.00028586732987912004
Ical_3141,GO metal ion transport,Manganese transport protein MntH,0.7546018066277504,-1.1040830464807672,0.28973629655415556,0.0024184866312196777,0.050367991195925145
Ical_3130,GO metal ion transport,hypothetical protein,-0.46190695512661667,0.6324084874821377,-0.46122439273956745,0.015648862953640385,0.998501861321451
Ical_2963,GO metal ion transport,Cu+ P-type ATPase,-0.4117002810685552,0.993177847253886,-0.45320470277170766,0.0024184866312196777,0.7819553021881447
Ical_2962,GO metal ion transport,hypothetical protein,-0.3418220166807373,1.042530016937216,-0.5968988360727557,0.0024184866312196777,0.15489789341620414
Ical_2961,GO metal ion transport,Copper chaperone,-0.1119090306134838,0.8856659301656592,-0.5545494913328342,0.004976514263398378,0.10742305704799911
Ical_1909,GO metal ion transport,hypothetical protein,-0.7092727357091971,-0.04020727780083199,-0.25078662869410234,0.0029205838829168412,0.050367991195925145
Ical_1898,GO metal ion transport,Manganese transport protein MntH,-0.6803579983897715,0.16282439844679641,-0.30084157976298015,0.01844466777844452,0.10742305704799911
Ical_3268,GO metal ion transport,Cu+ P-type ATPase,-0.09828636492251486,0.7403729203845654,-0.7223712763057208,0.04072984159142908,0.07096913652360554
Ical_3015,GO metal ion transport,Magnesium and cobalt transport protein CorA,-0.7419232321913741,0.5896993196605921,-0.15899075740417692,0.014319365970192836,0.050367991195925145
Ical_0614,GO metal ion transport,Magnesium and cobalt transport protein CorA,-0.23710463947289362,0.7409584645078314,-0.3888732016210434,0.01844466777844452,0.7653252303304952
Ical_3218,GO copper ion transport,Copper resistance protein D,0.22134238972596784,0.2784887855716767,-1.1359211727268603,0.8523572901501832,8.150338576070922e-05
Ical_2963,GO copper ion transport,Cu+ P-type ATPase,-0.4117002810685552,0.993177847253886,-0.45320470277170766,0.001383121225981757,0.7261013520318487
Ical_2962,GO copper ion transport,hypothetical protein,-0.3418220166807373,1.042530016937216,-0.5968988360727557,0.001383121225981757,0.11949266063535748
Ical_2961,GO copper ion transport,Copper chaperone,-0.1119090306134838,0.8856659301656592,-0.5545494913328342,0.00255935019260488,0.08172421387170954
Ical_3092,GO copper ion transport,COG1565: Uncharacterized conserved protein,0.8774911068006789,-0.6035960574481481,0.3296599908118852,0.001383121225981757,0.010249333444380062
Ical_3091,GO copper ion transport,Copper resistance protein D,1.0775327445073721,-0.5306479973994813,-0.1836050886444096,0.001383121225981757,8.150338576070922e-05
Ical_0046,GO iron ion transport,ferrous iron transport protein A,-0.20313945434942146,0.385111495844932,-0.9406781090135702,0.22425394076090988,0.002206308392390446
Ical_0045,GO iron ion transport,Ferrous iron transport protein B,-0.1652828527779994,0.3110620710913734,-0.9478965182731351,0.22425394076090988,0.002206308392390446
Ical_0044,GO iron ion transport,hypothetical protein,0.04876756594476787,-0.22387503176155601,-0.7415891725549558,0.4640562617847861,0.002206308392390446
Ical_2334,GO iron ion transport,Bacterioferritin,-0.04971163408919482,0.4274954168418647,-0.9484475898597712,0.22425394076090988,0.002206308392390446
Ical_0046,GO iron ion transmembrane transport,ferrous iron transport protein A,-0.20313945434942146,0.385111495844932,-0.9406781090135702,0.12939813593641292,0.002206308392390446
Ical_0045,GO iron ion transmembrane transport,Ferrous iron transport protein B,-0.1652828527779994,0.3110620710913734,-0.9478965182731351,0.19715267077788526,0.002206308392390446
Ical_0044,GO iron ion transmembrane transport,hypothetical protein,0.04876756594476787,-0.22387503176155601,-0.7415891725549558,0.4640562617847861,0.002206308392390446
Ical_2925,GO iron ion transmembrane transport,Ferrous iron transport permease EfeU,-0.08184556285463035,0.7478568561910316,-0.9641343207715153,0.12939813593641292,0.002206308392390446
Ical_1895,SEED Transport of Molybdenum,Molybdate-binding domain of ModE,0.2494918436077501,0.15514463294816222,0.3994348002425629,0.7644541007252365,0.96346614046182
Ical_1896,SEED Transport of Molybdenum,"Molybdenum ABC transporter, periplasmic molybdenum-binding protein ModA (TC 3.A.1.8.1)",0.342359792500697,0.20223657376342866,0.35440656333634896,0.7644541007252365,0.9702577794711167
Ical_1897,SEED Transport of Molybdenum,Molybdenum transport system permease protein ModB (TC 3.A.1.8.1),0.3678426975547304,-0.14889373374756895,0.6475236311714252,0.18055332181671938,0.96346614046182
Ical_1899,SEED Transport of Molybdenum,Molybdenum transport ATP-binding protein ModC (TC 3.A.1.8.1),0.5170257483361801,-0.7534586796066806,0.3472382783817247,0.004451999995960216,0.96346614046182
Ical_3311,SEED Transport of Nickel and Cobalt,Substrate-specific component CbiM of cobalt ECF transporter,0.9081368842735217,-0.26714241282586965,0.20192200334187924,0.019769020663871872,0.3404756625531544
Ical_3312,SEED Transport of Nickel and Cobalt,Additional substrate-specific component CbiN of cobalt ECF transporter,1.0491689661858459,-0.377741124443062,-0.21137208900281104,0.00887656353349752,0.07709461923753277
Ical_3313,SEED Transport of Nickel and Cobalt,Transmembrane component CbiQ of energizing module of cobalt ECF transporter,0.920794038116069,-0.35684771202617616,-0.3605656871502995,0.019769020663871872,0.07709461923753277
Ical_3314,SEED Transport of Nickel and Cobalt,ATPase component CbiO of energizing module of cobalt ECF transporter,1.0247439211792229,-0.5761289153731746,-0.09247677691967038,0.00887656353349752,0.07709461923753277
Ical_2936,SEED Transport of Nickel and Cobalt,ATPase component NikO of energizing module of nickel ECF transporter,-0.32353358951906125,0.33541379373142016,-0.17314367217785956,0.019769020663871872,0.7587620247618921
Ical_2937,SEED Transport of Nickel and Cobalt,Transmembrane component NikQ of energizing module of nickel ECF transporter,-0.41766222440514883,0.6818323015778471,-0.3054800240733072,0.00887656353349752,0.7587620247618921
Ical_2938,SEED Transport of Nickel and Cobalt,Additional substrate-specific component NikN of nickel ECF transporter,-0.43211012651205055,0.7835292333386327,-0.33746113671512296,0.00887656353349752,0.7587620247618921
Ical_2938,SEED Transport of Nickel and Cobalt,Additional substrate-specific component NikN of nickel ECF transporter,-0.43211012651205055,0.7835292333386327,-0.33746113671512296,0.00887656353349752,0.7587620247618921
Ical_2939,SEED Transport of Nickel and Cobalt,Substrate-specific component NikM of nickel ECF transporter,-0.3955210785491685,0.8612288716633992,-0.39709896893511437,0.00887656353349752,0.9925019945814366
Ical_2939,SEED Transport of Nickel and Cobalt,Substrate-specific component NikM of nickel ECF transporter,-0.3955210785491685,0.8612288716633992,-0.39709896893511437,0.00887656353349752,0.9925019945814366
Ical_3258,SEED Transport of Iron,Iron-dependent repressor IdeR/DtxR,-0.42229581641511243,0.07589790435553345,-0.14449488836946256,0.3539230347874247,0.17301535885712485
Ical_1066,SEED Transport of Iron,"Ferric iron ABC transporter, ATP-binding protein",0.1887171378851994,0.2111680255194691,-0.9230472686336147,0.948575506347278,0.0008187373570008035
Ical_1067,SEED Transport of Iron,"Ferric iron ABC transporter, permease protein",0.09909313939117231,0.37016508256980823,-1.0171259215275679,0.5726588630522782,0.0008187373570008035
Ical_1068,SEED Transport of Iron,"Ferric iron ABC transporter, iron-binding protein",0.16221968944248807,0.5218975138450163,-1.0609758096061699,0.5368844899080812,0.0002672950080118265
Ical_2218,KEGG BCAA Biosynthesis,threonine dehydratase [EC:4.3.1.19] | (GenBank) L-threonine ammonia-lyase,-0.3402073395615333,0.8554625357366635,-1.0313152516690567,0.001254961657386852,0.14968457769504262
Ical_2634,KEGG BCAA Biosynthesis,"threonine dehydratase [EC:4.3.1.19] | (GenBank) threonine dehydratase, biosynthetic",0.9913272439951205,-0.5174226062750104,-0.09883020855273372,0.0009430404626906727,0.04080718321130935
Ical_1321,KEGG BCAA Biosynthesis,"acetolactate synthase I/III small subunit [EC:2.2.1.6] | (GenBank) acetolactate synthase, sma",0.039678820286405285,-0.5598690205443051,0.20197113931750546,0.07700238640675189,0.7513869680707703
Ical_1322,KEGG BCAA Biosynthesis,"acetolactate synthase I/II/III large subunit [EC:2.2.1.6] | (GenBank) acetolactate synthase,",-0.11336908679283313,-0.3571073239128439,0.13168677076928345,0.4366076510312103,0.7513869680707703
Ical_0943,KEGG BCAA Biosynthesis,acetolactate synthase I/II/III large subunit [EC:2.2.1.6] | (GenBank) thiamine pyrophosphate,-0.762268972801501,0.8250990424618357,-0.24651765260926015,0.0009430404626906727,0.2984317027052034
Ical_1320,KEGG BCAA Biosynthesis,ketol-acid reductoisomerase [EC:1.1.1.86] | (GenBank) ketol-acid reductoisomerase,0.4166483078365435,-0.7302702639224871,0.5468626017034287,0.001075502830543969,0.7513869680707703
Ical_1324,KEGG BCAA Biosynthesis,dihydroxy-acid dehydratase [EC:4.2.1.9] | (GenBank) dihydroxyacid dehydratase,0.7585398715590549,-0.7697929295802027,0.40875057589748315,4.136184936063649e-06,0.5013929227809859
Ical_1313,KEGG BCAA Biosynthesis,branched-chain amino acid aminotransferase [EC:2.6.1.42] | (GenBank) branched chain amino aci,0.03968467050946382,0.8162378376035955,-0.833764097490616,0.07487937866175888,0.0017186239755489958
Ical_0779,KEGG BCAA Biosynthesis,branched-chain amino acid aminotransferase [EC:2.6.1.42] | (GenBank) aminotransferase class I,-0.30790417659771435,0.8715540944826344,-0.07489928741110408,0.01854030828940079,0.6375270386813865
Ical_2359,KEGG BCAA Biosynthesis,alanine-synthesizing transaminase [EC:2.6.1.66 2.6.1.2] | (GenBank) aminotransferase class I,-0.13646963892856387,-0.23499822213875576,0.30146033889443574,0.8440212055972347,0.5220839892634666
Ical_1041,KEGG BCAA Biosynthesis,2-isopropylmalate synthase [EC:2.3.3.13] | (GenBank) 2-isopropylmalate synthase,-0.49418337552079517,1.1602850156302382,-0.28015367033033245,0.001075502830543969,0.5220839892634666
Ical_1304,KEGG BCAA Biosynthesis,2-isopropylmalate synthase [EC:2.3.3.13] | (GenBank) 2-isopropylmalate synthase,0.2272866390772579,0.570811949605299,-0.09291440796350946,0.5424255960299046,0.5013929227809859
Ical_1280,KEGG BCAA Biosynthesis,3-isopropylmalate/(R)-2-methylmalate dehydratase small subunit [EC:4.2.1.33 4.2.1.35] | (GenB,0.42710013332049046,-0.540875630461389,0.04480811603706413,0.017518156032601043,0.5013929227809859
Ical_1281,KEGG BCAA Biosynthesis,3-isopropylmalate/(R)-2-methylmalate dehydratase large subunit [EC:4.2.1.33 4.2.1.35] | (GenB,0.16277339984559475,0.11788241984418263,0.07232701137367802,0.885944234689841,0.794222110492133
Ical_1314,KEGG BCAA Biosynthesis,3-isopropylmalate dehydrogenase [EC:1.1.1.85] | (GenBank) 3-isopropylmalate dehydrogenase,-0.07864776168457825,0.5011982503118287,0.197829098113504,0.12447306874952067,0.5013929227809859
Ical_1314,MetaCyc L-valine degradation I,3-isopropylmalate dehydrogenase,-0.07864776168457825,0.5011982503118287,0.197829098113504,0.1304003577375931,0.37630117389565815
Ical_1313,MetaCyc L-valine degradation I,branched chain amino acid aminotransferase ,0.03968467050946382,0.8162378376035955,-0.833764097490616,0.08168659490373695,0.0010070868353944462
Ical_1312,MetaCyc L-valine degradation I,hypothetical protein,-0.3036012796223145,1.112909958941445,-0.4886067073977567,0.01782510139915208,0.38698070246110056
Ical_1143,MetaCyc L-valine degradation I,cyclohexanecarboxyl-CoA dehydrogenase,-0.8254521284950632,0.6608003041431011,-0.6954280276437115,0.006124927073469441,0.4168490537689879
Ical_1132,MetaCyc L-valine degradation I,2-hydroxycyclohexanecarboxyl-CoA dehydrogenase,-1.078033284371535,0.4510759187272453,-0.47748956649322877,0.0016667977603247682,0.0010070868353944462
Ical_1121,MetaCyc L-valine degradation I,cyclohexanecarboxylate-CoA ligase,-0.8195346422262398,0.5806515404847884,-0.7733213940263141,2.9161075234814192e-05,0.7642286385245016
Ical_1110,MetaCyc L-valine degradation I,3-oxoadipyl-CoA thiolase,-0.6993402445773348,0.23549354087577226,-0.6699751329493585,0.006124927073469441,0.8641056081081573
Ical_1099,MetaCyc L-valine degradation I,enoyl-CoA hydratase/carnithine racemase,-0.5076132143232902,-0.2135178849346968,-0.31850730575530156,0.46939336711403384,0.41435446007640125
Ical_1011,MetaCyc L-valine degradation I,alkylation response protein AidB-like acyl-CoA dehydrogenase,-0.6566173416853587,0.6067791943555944,-0.36550464085011236,0.0469145841446066,0.097164559621886
Ical_2236,MetaCyc L-valine degradation I,short-subunit dehydrogenase,-0.4321095113431168,-0.21001976348376925,0.5359768303580854,0.6372000115867518,0.097164559621886
Ical_2235,MetaCyc L-valine degradation I,3-oxoacyl-[acyl-carrier protein] reductase,0.4556073853969395,-0.5502049436976861,-0.2094802883108753,0.11725262030026683,0.03474524024195191
Ical_2234,MetaCyc L-valine degradation I,acyl dehydratase,0.3803415899375599,-0.572175244095623,-0.18779641024569874,0.11725262030026683,0.04332884095239543
Ical_2233,MetaCyc L-valine degradation I,aminoglycoside phosphotransferase (APT) family kinase protein,0.32269940765833927,-0.44270022229999134,-0.16082867996667582,0.20604543252528743,0.12889897910569562
Ical_2232,MetaCyc L-valine degradation I,acyl-CoA dehydrogenase,0.33066963133079075,-0.7290921846094772,-0.22203226035519466,0.08134937785452079,0.039505816593242093
Ical_1358,MetaCyc L-valine degradation I,hypothetical protein,0.6502922200989233,-0.5763150237731535,0.25903275955434296,0.022760567000599065,0.25355057382228285
Ical_1357,MetaCyc L-valine degradation I,enoyl-CoA hydratase/carnithine racemase,0.6414232025750565,-0.5555757810910033,0.19020357988373124,0.022760567000599065,0.27712792530263275
Ical_1356,MetaCyc L-valine degradation I,hypothetical protein,0.2808004185113441,-0.23306892051450964,0.4979146232190485,0.28206884196628423,0.47828765620005953
Ical_0051,MetaCyc L-valine degradation I,enoyl-CoA hydratase/carnithine racemase,0.7146816508597053,-0.7957486157726646,-0.1618890756006759,0.022760567000599065,7.973003565197726e-05
Ical_0625,MetaCyc L-valine degradation I,taurine--2-oxoglutarate transaminase,-0.4852686727433127,-0.39662672978837515,0.022207976852797778,0.8612081759999854,0.3607306925389265
Ical_0624,MetaCyc L-valine degradation I,malonate-semialdehyde dehydrogenase (acetylating)/methylmalonate-semialdehyde dehydrogenase,-0.48664445965914743,-0.450612687651002,0.2085947902481651,0.9300914914695022,0.25355057382228285
Ical_1593,KEGG TCA Cycle,citrate synthase [KO:K01647] [EC:2.3.3.1],1.1278746873271523,-0.750028467262423,-0.03607969426330505,0.0006927270546196466,0.00033346208267973754
Ical_3328,KEGG TCA Cycle,citrate synthase [KO:K01647] [EC:2.3.3.1],-0.6075475473724571,0.8024147336546975,-0.95368018274024,0.00015163109061054822,0.05635112759677394
Ical_3249,KEGG TCA Cycle,citrate synthase [KO:K01647] [EC:2.3.3.1],0.7520062923339705,0.4318006177228683,-0.8975806983806245,0.40707155275494383,0.00033346208267973754
Ical_0815,KEGG TCA Cycle,aconitase [KO:K01681] [EC:4.2.1.3],1.2130913487138322,-0.9649802692459065,0.46430200310564945,2.5916180760812777e-09,0.013630462941463025
Ical_3035,KEGG TCA Cycle,"isocitrate dehydrogenase, NADP-dependent [KO:K00031] [EC:1.1.1.42]",1.1810090855655073,-0.8318300747605266,0.4051670258298958,3.679556861713066e-08,0.022611749663580805
Ical_1448,KEGG TCA Cycle,2-oxoglutarate dehydrogenase E1 component [KO:K00164] [EC:1.2.4.2],0.2784176764464233,-0.8818280593974851,0.21173158187311236,0.021466753638335365,0.8423655896477908
Ical_0916,KEGG TCA Cycle,2-oxoglutarate dehydrogenase E2 component [KO:K00658] [EC:2.3.1.61],0.6664527397100589,-0.9797509801950844,0.19299696278654907,0.002937822473911604,0.03922731888147275
Ical_0915,KEGG TCA Cycle,dihydrolipoamide dehydrogenase [KO:K00382] [EC:1.8.1.4],0.8730744449253381,-0.8918656229918064,0.18933770059337088,0.0008871034448929993,0.014361216836169513
Ical_1125,KEGG TCA Cycle,dihydrolipoamide dehydrogenase [KO:K00382] [EC:1.8.1.4],0.5591855518960868,-0.27453145388860156,0.3137456342583758,0.004153146448566196,0.4496000250566909
Ical_3206,KEGG TCA Cycle,pyruvate flavodoxin/ferredoxin oxidoreductase domain protein [KO:K00174] [EC:1.2.7.3 1.2.7.11],-0.4000454225237294,-0.09054918523705108,-0.6505775216120729,0.44720885051903986,0.24746113669838274
Ical_3205,KEGG TCA Cycle,2-oxoglutarate synthase [KO:K00175] [EC:1.2.7.31.2.7.11],-0.1868884797868208,-0.6170402668868423,-0.18129570602495115,0.40707155275494383,0.9664221900233043
Ical_3593,KEGG TCA Cycle,succinyl-CoA synthetase (ADP-forming) alpha subunit [KO:K01902] [EC:6.2.1.5],0.8029188085982163,-0.9532018703388151,0.2441529514194495,0.002279777262976757,0.013630462941463025
Ical_3592,KEGG TCA Cycle,succinyl-CoA synthetase (ADP-forming) beta subunit [KO:K01903] [EC:6.2.1.5],1.0246711335022434,-0.7746931399237096,0.04132302409518388,0.0006927270546196466,0.00013142217158999578
Ical_3684,KEGG TCA Cycle,succinate dehydrogenase subunit A [KO:K00239] [EC:1.3.5.1 1.3.5.4],0.4446885437349721,-1.0969750315326596,0.16024096567850846,0.002279777262976757,0.14537161295626455
Ical_3683,KEGG TCA Cycle,succinate dehydrogenase subunit B [KO:K00240] [EC:1.3.5.1 1.3.5.4],0.41700937098248225,-1.1783427904082444,0.3827507080147607,0.003458375119710759,0.814131321971797
Ical_3685,KEGG TCA Cycle,succinate dehydrogenase subunit C [KO:K00241],0.552340903218127,-1.1835272465565236,0.18158336688519294,1.3831775066007247e-05,0.06030348945573633
Ical_1679,KEGG TCA Cycle,fumarase [KO:K01676] [EC:4.2.1.2],0.3019531977966911,0.6331976174311468,-0.5108311716644073,0.4534152171802571,0.025575480453266772
Ical_3199,KEGG TCA Cycle,fumarase [KO:K01679] [EC:4.2.1.2],-0.7464855226966506,0.918228263861339,-0.42170893533589543,0.002279777262976757,0.11139500109866195
Ical_3608,KEGG TCA Cycle,malate dehydrogenase (NAD) [KO:K00024] [EC:1.1.1.37],0.8489455143054739,0.1370560396987404,-0.9961785069347014,0.047479770333185733,0.00033346208267973754
Ical_0199,KEGG TCA Cycle,Phosphoenolpyruvate carboxykinase (GTP) [KO:K01596] [EC:4.1.1.32],0.12529627611833635,0.5699875467005653,-0.3982400345612018,0.40707155275494383,0.25584517957525543
Ical_0961,KEGG TCA Cycle,"2-oxo-acid dehydrogenase E1 subunit, homodimeric type [KO:K00163] [EC:1.2.4.1]",0.31051770979342375,-0.5956552047491761,-0.0767380735832498,0.0296464127038706,0.40289162423731956
Ical_3043,KEGG TCA Cycle,"pyruvate dehydrogenase (acetyl-transferring) E1 component, alpha subunit [KO:K00161] [EC:1.2.4.1]",0.13579430323721473,0.646816058910382,-1.0210265890770391,0.0789419518513486,0.00013142217158999578
Ical_3053,KEGG TCA Cycle,Transketolase central region [KO:K00162] [EC:1.2.4.1],-0.17519403265758526,0.5401498483436016,-0.9076264749471982,0.056294513447572886,0.01886599130952837
Ical_3064,KEGG TCA Cycle,catalytic domain-containing protein of components of various dehydrogenase complexes [KO:K00627] [EC:2.3.1.12],-0.15940918527570344,0.17457949764652722,-0.3216509677704786,0.4534152171802571,0.5003099254243933
Ical_2128,KEGG TCA Cycle,pyruvate ferredoxin/flavodoxin oxidoreductase [KO:K03737] [EC:1.2.7.1 1.2.7.-],-0.1521607209045265,-0.724448754596105,0.35493496746010317,0.0789419518513486,0.20281960607988686
Ical_3148,KEGG B12 Biosynthesis,glutamyl-tRNA reductase [KO:K02492] [EC:1.2.1.70],-0.204632373306092,-0.017531986315433495,0.3938324206973787,0.5819354199637805,0.0992594760853988
Ical_2644,KEGG B12 Biosynthesis,aminotransferase class-III [KO:K01845] [EC:5.4.3.8],0.41423583828475324,0.5629015460407137,-0.0070623213358223524,0.6990843449151782,0.21104929338251402
Ical_2348,KEGG B12 Biosynthesis,aminotransferase class-III [KO:K01845] [EC:5.4.3.8],0.18159436655322383,-0.43286447748642476,-0.9139826170365176,0.0385091147242564,0.002722575166306755
Ical_3154,KEGG B12 Biosynthesis,"glutamate-1-semialdehyde 2,1-aminomutase [KO:K01845] [EC:5.4.3.8]",0.7301410507370186,-0.1291632080651123,-0.28285375790029127,0.0011390775843264302,0.003520911219239923
Ical_3151,KEGG B12 Biosynthesis,porphobilinogen synthase [KO:K01698] [EC:4.2.1.24],0.15221566760981162,-0.9685595016333783,0.7481268766817802,0.04054615311932466,0.000490970736712268
Ical_3149,KEGG B12 Biosynthesis,hydroxymethylbilane synthase [KO:K01749] [EC:2.5.1.61],-0.046390581493876065,-0.5702382306436732,0.663761010482925,0.23148371439051268,0.025331958819165914
Ical_0796,KEGG B12 Biosynthesis,uroporphyrinogen decarboxylase [KO:K01599] [EC:4.1.1.37],0.40909991386803096,-0.1115902946733978,0.205998649581665,0.28567916519424363,0.5582831408319808
Ical_0793,KEGG B12 Biosynthesis,protoporphyrinogen oxidase [KO:K00231] [EC:1.3.3.151.3.3.4],-0.4310009230971275,0.7303276931920092,-0.823875550314896,0.0011390775843264302,0.2596772929721823
Ical_1200,KEGG B12 Biosynthesis,protoporphyrinogen oxidase [KO:K00231] [EC:1.3.3.151.3.3.4],0.007654086505615536,-0.5131138147492876,0.3102912014765585,0.3353145723291385,0.3210257872377916
Ical_3150,KEGG B12 Biosynthesis,Uroporphyrin-III C/tetrapyrrole (Corrin/Porphyrin) methyltransferase [KO:K13542] [EC:4.2.1.75 2.1.1.107],0.12279582992016667,-0.7402439274661266,0.7016937160582478,0.1154938862003034,0.005470727443021346
Ical_2821,KEGG B12 Biosynthesis,uroporphyrinogen-III C-methyltransferase [KO:K02302] [EC:4.99.1.4 1.3.1.76 2.1.1.107],1.0285349047037284,-1.3096421857708298,0.6930478597965606,2.59188093953461e-09,0.18468446373605224
Ical_0553,KEGG B12 Biosynthesis,protoheme IX farnesyltransferase [KO:K02257] [EC:2.5.1.141],0.21398348514390295,-0.9107565057013849,0.8811646019134263,0.018899734176996877,0.023132973724806237
Ical_0557,KEGG B12 Biosynthesis,cytochrome oxidase assembly [KO:K02259],0.10343202235471476,0.3665430713029514,-0.6404523904282874,0.4272856126493208,0.043031997178459375
Ical_3276,KEGG B12 Biosynthesis,precorrin-3 methyltransferase; precorrin-2 C20-methyltransferase [KO:K13540] [EC:2.1.1.131 2.1.1.130],0.6300393617513739,0.1328779138150202,0.2266507598874643,0.2850825447687488,0.17114830153042915
Ical_3299,KEGG B12 Biosynthesis,precorrin-3B synthase [KO:K02229] [EC:1.14.13.83],0.11248768033061507,0.8848020672371762,-1.0210930416714834,0.016506864760181445,0.010115929331988014
Ical_3310,KEGG B12 Biosynthesis,precorrin-4 C11-methyltransferase [KO:K05936] [EC:2.1.1.271 2.1.1.133],1.2422007274030276,-0.388973843253144,-0.14444110381436273,0.00032344162311814594,8.87615213434611e-06
Ical_3301,KEGG B12 Biosynthesis,precorrin-6A synthase (deacetylating) [KO:K02228] [EC:2.1.1.152],1.1721541444321233,-1.0738003064343078,0.125311827288775,2.80621209039227e-06,0.0026892337545550205
Ical_3303,KEGG B12 Biosynthesis,precorrin-6A reductase [KO:K05895] [EC:1.3.1.1061.3.1.54],0.9188706653008979,-0.10558975980593217,-0.0618420580259736,0.010730872008404873,0.002722575166306755
Ical_3309,KEGG B12 Biosynthesis,"precorrin-6Y C5,15-methyltransferase (decarboxylating) [KO:K00595] [EC:2.1.1.132]",1.215012873343788,-0.44535088114554594,-0.37724506853149126,2.1811582717437977e-05,1.395974934089792e-06
Ical_3277,KEGG B12 Biosynthesis,precorrin-8X methylmutase [KO:K06042] [EC:5.4.99.605.4.99.61],0.14239518511837887,1.0075308556634115,-0.027982749308133697,0.04402969813789466,0.325544816015355
Ical_3305,KEGG B12 Biosynthesis,"hydrogenobyrinic acid a; cobyrinate a,c-diamide synthase [KO:K02224] [EC:6.3.5.11 6.3.5.9]",1.1415846393585054,-1.0777925795831769,0.12816918197691096,4.648834513827968e-06,0.005058446990747615
Ical_3300,KEGG B12 Biosynthesis,cobaltochelatase CobN subunit [KO:K02230] [EC:6.6.1.2],1.0817990810982503,-0.5806440854496676,0.15055611856802945,0.0016767979872582277,0.063256926281602
Ical_1392,KEGG B12 Biosynthesis,ATP:cob(I)alamin adenosyltransferase [KO:K00798] [EC:2.5.1.17],0.43010877793581237,0.5966623488696954,-0.8144059010334644,0.43940841532076486,3.5614071070835456e-08
Ical_3306,KEGG B12 Biosynthesis,"cob(I)yrinic acid a,c-diamide adenosyltransferase [KO:K19221] [EC:2.5.1.17]",1.1335804872232889,-1.0042576781301755,0.04000420246567587,1.5390651421307097e-05,0.008336743998431618
Ical_3302,KEGG B12 Biosynthesis,adenosylcobyric acid synthase (glutamine-hydrolysing) [KO:K02232] [EC:6.3.5.10],1.2172576230565988,-0.946745853740779,0.23929552492204478,2.80621209039227e-06,0.00439942317524918
Ical_2904,KEGG B12 Biosynthesis,adenosylcobinamide-phosphate synthase [KO:K02227] [EC:6.3.1.10],0.7511858261541028,-0.2556300044331489,0.3568698607689378,0.0235464488239294,0.2975808797685803
Ical_0908,KEGG B12 Biosynthesis,adenosylcobinamide kinase [KO:K02231] [EC:2.7.7.622.7.1.156],0.6144777463733991,-1.2867758062560901,0.40711006057874916,0.0001520335961377934,0.3885498571858663
Ical_0909,KEGG B12 Biosynthesis,cobalamin-5-phosphate synthase CobS [KO:K02233] [EC:2.7.8.26],0.8081101583465862,-1.3112623612141496,0.44107438632388035,1.8606867482516736e-05,0.10497344494061026
Ical_3172,KEGG B12 Biosynthesis,nicotinate-nucleotide/dimethylbenzimidazolephosp horibosyltransferase [KO:K00768] [EC:2.4.2.21],0.9833100253174524,-0.4294861342938969,0.23622988657870794,0.00032344162311814594,0.023132973724806237
Ical_0950,KEGG B12 Biosynthesis,ribonuclease H [KO:K22316] [EC:3.1.3.73 3.1.26.4],0.6074119327927606,-0.5620521503010887,0.5725177530154886,0.01853108282450363,0.8922766710498105
Ical_2262,KEGG B12 Biosynthesis,putative magnesium chelatase subunit ChlI [KO:K03405] [EC:6.6.1.1],-0.6926066101156776,0.7192776315374644,-0.8447082741746627,2.80621209039227e-06,0.16885625923274955
Ical_2594,KEGG B12 Biosynthesis,hypothetical protein [KO:K03428] [EC:2.1.1.11],-0.7487231709979428,0.679543379579103,-0.64105876894994,0.0011390775843264302,0.3914386124822796
Ical_2334,KEGG B12 Biosynthesis,bacterioferritin [KO:K03594] [EC:1.16.3.1],-0.04971163408919482,0.4274954168418647,-0.9484475898597712,0.21994136497704625,0.005470727443021346
Ical_2049,KEGG B12 Biosynthesis,multicopper oxidase type 3 [KO:K22552] [EC:1.16.3.1],-0.027430443987516706,0.7141968035937333,-0.6510876937424886,0.192492812354453,0.21716132778607536
Ical_0029,KEGG Fatty Acid Biosynthesis,biotin carboxyl carrier protein; biotin carboxylase [KO:K11263] [EC:6.4.1.2 6.4.1.3 6.3.4.14],0.6955063378234819,-0.477692960384093,0.3000075391333333,0.004594153157009284,0.0074574057588182125
Ical_0964,KEGG Fatty Acid Biosynthesis,(Acyl-carrier-protein) S-malonyltransferase [KO:K00645] [EC:2.3.1.39],-0.2496697468858002,0.5161233018834004,0.5364090548534783,0.041012596272814054,0.10258748315231532
Ical_0965,KEGG Fatty Acid Biosynthesis,3-oxoacyl-(acyl-carrier-protein) synthase III [KO:K00648] [EC:2.3.1.180],-0.2741075118084651,0.30266199988632075,0.37172414207112153,0.23792834380894848,0.15206873799103285
Ical_0969,KEGG Fatty Acid Biosynthesis,3-oxoacyl-(acyl-carrier-protein) synthase II [KO:K09458] [EC:2.3.1.179],0.10054005280456113,-0.38414776108728016,0.507439004061289,0.341965838367192,0.3028006020024821
Ical_0772,KEGG Fatty Acid Biosynthesis,short-chain dehydrogenase/reductase SDR [KO:K00059] [EC:1.1.1.100],-0.7190066734444603,0.12963676325800189,-0.22922627891587768,0.07548009024929704,0.10258748315231532
Ical_0584,KEGG Fatty Acid Biosynthesis,3-oxoacyl-(acyl-carrier-protein) reductase [KO:K00059] [EC:1.1.1.100],0.7990818089990727,-0.2392171170962116,0.5068978160664883,6.94986506853139e-05,0.10258748315231532
Ical_2235,KEGG Fatty Acid Biosynthesis,3-oxoacyl-(acyl-carrier-protein) reductase [KO:K00059] [EC:1.1.1.100],0.4556073853969395,-0.5502049436976861,-0.2094802883108753,0.11569783733747707,0.02223695375484922
Ical_1204,KEGG Fatty Acid Biosynthesis,short-chain dehydrogenase/reductase SDR [KO:K00059] [EC:1.1.1.100],0.5143628254638705,-0.9917214742768744,0.49954779663149723,0.011777288541998847,0.929062755093941
Ical_0276,KEGG Fatty Acid Biosynthesis,short-chain dehydrogenase/reductase SDR [KO:K00059] [EC:1.1.1.100],-0.5468339314126532,0.30249050948778855,-0.7936068004680705,0.024298996784320768,0.4528732701573022
Ical_0585,KEGG Fatty Acid Biosynthesis,Enoyl-(acyl-carrier-protein) reductase (NADH) [KO:K00208] [EC:1.3.1.9 1.3.1.10],0.9129988039042569,-0.690732907109273,0.5629671256138136,2.50729352252514e-05,0.06150624915773744
Ical_0870,KEGG Fatty Acid Biosynthesis,AMP-dependent synthetase and ligase [KO:K01897] [EC:6.2.1.3],-0.07349285981433516,-0.08290931148076676,-0.5177738904768595,0.9815309389080871,0.11517162826900224
Ical_3565,KEGG Fatty Acid Biosynthesis,AMP-dependent synthetase and ligase [KO:K01897] [EC:6.2.1.3],0.5230448796886569,-1.029879106004132,0.3505106615729672,0.012838329832639214,0.44691074509411177
Ical_0868,KEGG Fatty Acid Biosynthesis,AMP-dependent synthetase and ligase [KO:K01897] [EC:6.2.1.3],0.1785153101914918,-0.22609320021323134,-0.5951355999119768,0.2973265545149782,0.05459021287881253
Ical_2609,KEGG Fatty Acid Biosynthesis,AMP-dependent synthetase and ligase [KO:K01897] [EC:6.2.1.3],-0.26407258759187274,0.2061113919416054,-1.0305393860502268,0.04541558704989714,0.0074574057588182125
Ical_1144,KEGG Fatty Acid Biosynthesis,AMP-dependent synthetase and ligase [KO:K01897] [EC:6.2.1.3],0.28835745891621417,-0.0969185799109587,-0.6889906018856572,0.3598891170239171,0.016958945122283214
Ical_0238,KEGG Fatty Acid Biosynthesis,AMP-dependent synthetase and ligase [KO:K01897] [EC:6.2.1.3],0.016480364153371684,0.20286824252521288,1.0658522600555524,0.4725150826716124,0.0074574057588182125
Ical_1966,GO mycothiol biosynthetic process,INO1 (EC 5.5.1.4),0.5300014951483294,-0.36367715140959106,-0.011744802668350748,0.000500138636150054,0.02779395758193576
Ical_1968,GO mycothiol biosynthetic process,MshA (EC 2.4.1.-),-0.7265668578808726,-0.31092841187952436,0.3567712897926733,0.050740464008296265,0.004162886275606655
Ical_0618,GO mycothiol biosynthetic process,MshC (EC 6.3.1.13),0.7662563217862144,-0.3684976725547808,0.3575748889594356,0.000500138636150054,0.020073108430483252
Ical_1984,GO mycothiol biosynthetic process,MshD (EC 2.3.1.189),0.6002818451849773,-1.1758980730017432,0.6872987135455965,0.000500138636150054,0.4276274057138997
Ical_3159,SEED YedY-YedZ cluster,Cytochrome c-type biogenesis protein CcsA/ResC,-0.8180061306742493,0.4756826849013382,0.4503765730674642,0.0003537572783240722,0.9275493939547854
Ical_0754,SEED YedY-YedZ cluster,Cytochrome c-type biogenesis protein CcsA/ResC,-0.6567463672649417,-0.4302653331679387,0.41119223186079457,0.08148296440604255,0.0034320446917241766
Ical_0755,SEED YedY-YedZ cluster,Cytochrome c-type biogenesis protein Ccs1/ResB,-0.6754740195486518,-0.3938658269760209,0.37624374283860157,0.06711749270775723,0.004623198410005706
Ical_0884,SEED Terminal cytochrome C oxidases,Cytochrome c oxidase polypeptide II (EC 1.9.3.1),-0.20235198914590305,0.5811530006986962,0.47159172522244125,0.018972225657601958,0.5682919806083052
Ical_2973,SEED Terminal cytochrome oxidases,Transport ATP-binding protein CydC,-0.9801499883289945,0.2435108988605653,0.9099314290053199,0.000176519769924201,0.019216620531269994
Ical_2973,SEED Terminal cytochrome oxidases,Transport ATP-binding protein CydC,-0.9801499883289945,0.2435108988605653,0.9099314290053199,0.000176519769924201,0.019216620531269994
Ical_2974,SEED Terminal cytochrome oxidases,Transport ATP-binding protein CydD,-0.6283011319023496,0.071840390877005,0.8718930069416292,0.05732429921314324,0.015720724778042514
Ical_3157,SEED Sulfur oxidation,Cytochrome c-type biogenesis protein CcdA (DsbD analog),-0.5679120904480776,0.2635876516291853,0.6709105606665539,0.06711749270775723,0.17574600320562192
Ical_3588,SEED Sulfur oxidation,Cytochrome c-type biogenesis protein CcdA (DsbD analog),0.8793636767644678,-0.5736252187322682,-0.30902336873255776,0.0003537572783240722,0.015720724778042514
Ical_0756,SEED Sulfur oxidation,Cytochrome c-type biogenesis protein CcdA (DsbD analog),-0.5393773929089272,-0.4777088808102352,0.35713719274412686,0.6207255639268834,0.0034320446917241766
Ical_1214,SEED Sulfur oxidation,Sulfide dehydrogenase [flavocytochrome C] flavoprotein chain precursor (EC 1.8.2.-),0.8648805203268077,-0.8927455939093432,-0.41765886868563934,4.133181216923709e-05,0.06218235544148899
Ical_2037,SEED Sulfur oxidation,Cytochrome c-type biogenesis protein CcdA (DsbD analog),-0.10732649842546106,0.6993103766004293,-0.44061706575225396,0.160602681168058,0.06729185262130956
Ical_0677,SEED Glycerol and Glycerol-3-phosphate Uptake and Utilization,SN-glycerol-3-phosphate transport ATP-binding protein UgpC (TC 3.A.1.1.3),0.11019397461503183,-0.5656102338655891,1.182836311429828,0.0359060271772043,0.009799280250903056
Ical_0177,SEED Glycerol and Glycerol-3-phosphate Uptake and Utilization,Glycerophosphoryl diester phosphodiesterase (EC 3.1.4.46),0.17332868324222547,-0.8541929741823645,1.0635190051262358,0.0018454760850272736,0.009799280250903056
Ical_0523,SEED Glycerol and Glycerol-3-phosphate Uptake and Utilization,Glycerophosphoryl diester phosphodiesterase (EC 3.1.4.46),0.03478411107238971,0.05362156197589152,1.095151770828165,0.949206358454507,5.389546527983913e-05
Ical_1947,SEED Glycerol and Glycerol-3-phosphate Uptake and Utilization,SN-glycerol-3-phosphate transport ATP-binding protein UgpC (TC 3.A.1.1.3),-0.2611812305380366,0.7087661300057159,-0.8994107918280084,0.01105160185715441,0.009799280250903056
Ical_2933,SEED Glycerol and Glycerol-3-phosphate Uptake and Utilization,Glycerophosphoryl diester phosphodiesterase (EC 3.1.4.46),-0.5704424195717098,0.16747317841941353,-0.8363822680240394,0.018911531238909346,0.1199012294528305
Ical_3366,SEED Glycerol and Glycerol-3-phosphate Uptake and Utilization,Aquaporin Z,-0.051224054779442106,-0.6291880413393555,-0.5096569422201169,0.0359060271772043,0.07132331365177706
Ical_2906,KEGG Glycolysis,Phosphoenolpyruvate synthase (EC 2.7.9.2),1.1565260893264697,-0.8871826306162367,0.12059539722967745,7.519971234541975e-05,0.0006753625687417597
Ical_3020,KEGG Glycolysis,6-phosphofructokinase (EC 2.7.1.11),0.6157761115586898,-0.7192704667805706,0.5945219708570763,1.3728567800654545e-05,0.9664221900233043
Ical_3043,KEGG Glycolysis,Pyruvate dehydrogenase E1 component alpha subunit (EC 1.2.4.1),0.13579430323721473,0.646816058910382,-1.0210265890770391,0.08356569474549902,0.00012537752551555778
Ical_3053,KEGG Glycolysis,Pyruvate dehydrogenase E1 component beta subunit (EC 1.2.4.1),-0.17519403265758526,0.5401498483436016,-0.9076264749471982,0.062205437359568044,0.02207320983214819
Ical_3064,KEGG Glycolysis,Dihydrolipoamide acetyltransferase component of pyruvate dehydrogenase complex (EC 2.3.1.12),-0.15940918527570344,0.17457949764652722,-0.3216509677704786,0.4716523219764169,0.6359495052061178
Ical_0014,KEGG Glycolysis,Aldehyde dehydrogenase (EC 1.2.1.3),0.3306208716702021,0.05056827686532863,0.3481324536142118,0.5726588544823784,0.9664221900233043
Ical_0199,KEGG Glycolysis,Phosphoenolpyruvate carboxykinase [GTP] (EC 4.1.1.32),0.12529627611833635,0.5699875467005653,-0.3982400345612018,0.3880743447075933,0.3991184801373984
Ical_0903,KEGG Glycolysis,Acetyl-coenzyme A synthetase (EC 6.2.1.1),-0.052684837212353036,-0.8949283802958016,0.39323605901062697,0.07903246507763777,0.20432942532969708
Ical_1538,KEGG Glycolysis,6-phospho-beta-glucosidase (EC 3.2.1.86),-0.5917460670440652,0.5068325603138176,-0.8053439801742375,0.006357537820213107,0.6461389124038975
Ical_2854,KEGG Glycolysis,Acetyl-coenzyme A synthetase (EC 6.2.1.1),0.34105880166021635,-0.14528720549804658,-0.9824268155298775,0.18527662328039612,3.88032121602755e-05
Ical_3205,KEGG Glycolysis,"2-oxoglutarate oxidoreductase, beta subunit (EC 1.2.7.3)",-0.1868884797868208,-0.6170402668868423,-0.18129570602495115,0.41090281442793153,0.9664221900233043
Ical_3206,KEGG Glycolysis,"2-oxoglutarate oxidoreductase, alpha subunit (EC 1.2.7.3)",-0.4000454225237294,-0.09054918523705108,-0.6505775216120729,0.45845295876066144,0.386039373249477
Ical_3236,KEGG Glycolysis,aldose 1-epimerase,-0.4122348330181646,0.6188755138525303,-0.6428168632714235,0.05242609985107944,0.5664960315714305
Ical_3404,KEGG Glycolysis,Alcohol dehydrogenase (EC 1.1.1.1),-0.32357699807165313,0.17369555030660502,-0.6886831962262246,0.21385649869275344,0.5582902763229921
Ical_3449,KEGG Glycolysis,Enolase (EC 4.2.1.11),0.7952620983972647,-0.6557880012762077,0.1862583519084461,0.0002331568878300112,0.01668618964794031
Ical_3471,KEGG Glycolysis,N-acetylmannosamine kinase (EC 2.7.1.60),-0.3589466725551096,0.16168496012744113,-0.305699018805307,0.1025406868188452,0.9664221900233043
Ical_0020,KEGG Glycolysis,Aldehyde dehydrogenase (EC 1.2.1.3),0.45114352041221456,-0.8118847971156745,0.7253449829756525,0.011316396733046609,0.2878740896972572
Ical_0498,KEGG Glycolysis,Pyruvate kinase (EC 2.7.1.40),0.48184234474705856,-0.6572401083216762,0.795352332489114,0.0002331568878300112,0.001224601845312835
Ical_0541,KEGG Glycolysis,NAD-dependent glyceraldehyde-3-phosphate dehydrogenase (EC 1.2.1.12),0.4612284732260705,-1.0390259710141863,0.2678761008105335,0.0014685822862383839,0.6399665549503909
Ical_0542,KEGG Glycolysis,Phosphoglycerate kinase (EC 2.7.2.3),0.34523188494341056,-0.7928629880832797,0.37660692468670603,0.03176581411891914,0.9664221900233043
Ical_0543,KEGG Glycolysis,Triosephosphate isomerase (EC 5.3.1.1),0.37088214158963556,-0.7790971258278936,0.42363195044096574,0.041034387950742525,0.9664221900233043
Ical_0550,KEGG Glycolysis,Glucose-6-phosphate isomerase (EC 5.3.1.9),0.3072349931753449,-1.0717869238688564,0.42510594754339154,0.025228026585266676,0.5664960315714305
Ical_0770,KEGG Glycolysis,Alcohol dehydrogenase (EC 1.1.1.1),-0.5379761651260182,0.2499974180255583,-0.40840620467660216,0.041034387950742525,0.8179274802757522
Ical_0865,KEGG Glycolysis,glucokinase ,0.4820588341231729,-1.0668511177951892,0.665981918978033,0.0027452209165839464,0.4271236431775196
Ical_0915,KEGG Glycolysis,Dihydrolipoamide dehydrogenase of branched-chain alpha-keto acid dehydrogenase (EC 1.8.1.4),0.8730744449253381,-0.8918656229918064,0.18933770059337088,0.0010763521798035059,0.01668618964794031
Ical_0937,KEGG Glycolysis,Polyphosphate glucokinase (EC 2.7.1.63),0.9606589061904254,-0.7008975517259799,0.2022900838586947,0.0007717512808360044,0.00012537752551555778
Ical_0961,KEGG Glycolysis,Pyruvate dehydrogenase E1 component (EC 1.2.4.1),0.31051770979342375,-0.5956552047491761,-0.0767380735832498,0.034686302863528605,0.5582902763229921
Ical_1059,KEGG Glycolysis,aldehyde dehydrogenase (NAD+),-0.21397125382566018,0.16544479140686238,0.3545917113074664,0.23424373294164114,0.0005169159777200981
Ical_1125,KEGG Glycolysis,Dihydrolipoamide dehydrogenase (EC 1.8.1.4),0.5591855518960868,-0.27453145388860156,0.3137456342583758,0.006357537820213107,0.5664960315714305
Ical_1333,KEGG Glycolysis,NADPH-dependent glyceraldehyde-3-phosphate dehydrogenase (EC 1.2.1.13),0.6949646869230283,-0.5810265333825164,0.911176519030865,1.2770937077353681e-06,0.5582902763229921
Ical_1365,KEGG Glycolysis,Phosphoglucomutase (EC 5.4.2.2),0.3544439200297515,-0.995779641455632,0.3714817684191373,0.03035804650383922,0.9664221900233043
Ical_1488,KEGG Glycolysis,"Putative regulator of the mannose operon, ManO",-0.11396578964140223,0.8988265597158912,-0.23543047740078574,0.06581347654165537,0.6844312052757221
Ical_1673,KEGG Glycolysis,"Fructose-1,6-bisphosphatase, GlpX type (EC 3.1.3.11)",0.9317759936888331,0.3599482969446221,-0.8137606347275308,0.016011840685542445,9.896956798443686e-05
Ical_1966,KEGG Glycolysis,Phosphoglycerate mutase (EC 5.4.2.1),0.5300014951483294,-0.36367715140959106,-0.011744802668350748,0.0014629055107389082,0.06253640455935547
Ical_2108,KEGG Glycolysis,Alcohol dehydrogenase (EC 1.1.1.1),0.23782984189339593,0.07047575444882337,0.28805185002077205,0.7380038966773553,0.9664221900233043
Ical_2128,KEGG Glycolysis,Pyruvate-flavodoxin oxidoreductase (EC 1.2.7.-),-0.1521607209045265,-0.724448754596105,0.35493496746010317,0.08275425311075196,0.3163985854846235
Ical_2295,KEGG Glycolysis,Fructose-bisphosphate aldolase class II (EC 4.1.2.13),0.45693821915940275,0.38583096077810214,-0.7646676524801538,0.860637752751024,0.002149022837777948
Ical_2350,KEGG Glycolysis,L-lactate dehydrogenase (EC 1.1.1.27),0.8978634354341994,-0.6398994460645008,0.5588232346266987,0.0003496652447705248,0.115539493167851
Ical_2367,KEGG Glycolysis,"Pyruvate,phosphate dikinase (EC 2.7.9.1)",-0.9704493613685846,0.4684797943047037,-0.46050090184517106,0.00032596991749481727,0.015498809030768678
